images,encodings,ENCODINGS
../images/10633-9642/image2.png,"[-0.02794839  0.02227307  0.01319224  0.04521122  0.02442569 -0.0299275
  0.00125431  0.00028862 -0.02832846  0.02807238  0.01981582  0.00627046
  0.02073325 -0.02088619  0.03093403  0.01147321  0.00745385 -0.02890498
  0.01921077  0.00682192 -0.00160223  0.02905203  0.00243783  0.01705011
 -0.03003871  0.08462834  0.0045576  -0.01687454 -0.0146767  -0.00852883
 -0.04397023  0.02388422 -0.03974891 -0.00144496  0.00584191 -0.00099226
  0.06288159 -0.00018565 -0.02823051 -0.00580894 -0.02196528  0.02461405
  0.01960848 -0.01984408 -0.01781086 -0.03345156  0.03910692  0.03072627
 -0.00099052  0.00118834  0.0157836   0.01730849  0.00234511  0.0458514
  0.00881707 -0.00195518 -0.02902565  0.00290611  0.0630288  -0.03055582
  0.00258146  0.00848904 -0.00531345  0.03486365  0.02741973 -0.04808395
  0.01171951 -0.01394146 -0.04063621 -0.00856091 -0.00335917  0.01103988
  0.00424901  0.01679229 -0.01253965  0.00402137  0.03808844  0.01256677
  0.01179865 -0.01712572 -0.04175453  0.02486891 -0.00969576 -0.02298007
 -0.01950582  0.00838968 -0.02244049  0.00713209  0.00772679  0.0061903
 -0.01532284  0.01425177 -0.02144336  0.06763475  0.02356371 -0.00935675
 -0.00287773 -0.02275521  0.00351564  0.0078343   0.0419573   0.02704551
 -0.03424996  0.01742945 -0.0167893   0.01353277  0.0153112  -0.01642298
 -0.0109299  -0.05264013  0.05013015 -0.01378872  0.02347285 -0.03303889
 -0.01423983  0.00876952  0.01081358  0.00603991 -0.011919   -0.01470326
 -0.04143227 -0.00195684 -0.04846875  0.01307038 -0.03126238  0.01828359
 -0.03278332  0.01457263]","[  1.21048396e-03   8.85634311e-03   1.26359500e-02   1.25112338e-03
   1.84142794e-02  -2.18908638e-02   3.50672379e-02   1.57934148e-02
   6.39924128e-03   9.55693031e-05   1.56397261e-02  -1.67825781e-02
   1.01662874e-02   4.60207323e-03   1.69728920e-02   1.01333652e-02
   3.69045860e-03  -1.19114351e-02   2.28660554e-02   4.19238359e-02
   1.44186923e-02  -1.96945723e-02   3.82469408e-02   1.87596958e-02
   5.03326505e-02   1.87272094e-02   3.42981890e-02  -4.76277210e-02
   2.53845938e-02   1.86283067e-02  -1.09613352e-02   7.73620210e-04
  -1.79666243e-02   3.07008950e-03  -2.70741433e-02  -2.60525756e-02
  -2.76890490e-02  -1.14694901e-03   2.42995229e-02   2.34577581e-02
  -2.10862476e-02   4.80145402e-02  -3.40557992e-02   1.44289182e-02
   3.09803826e-03   6.98385620e-03   2.73288274e-03  -1.70617644e-02
  -8.22255760e-03  -1.56762134e-02   7.29141338e-03   3.91567918e-03
   4.48198151e-03   3.16760549e-03  -2.01611016e-02  -5.61274588e-03
  -2.07331171e-03   1.42792063e-02  -6.59180200e-03   1.72689054e-02
   1.59960687e-02   4.02620248e-02   2.46496070e-02   1.78581886e-02
  -8.69831908e-03  -3.23469304e-02  -2.65788659e-02  -1.57776079e-03
   1.07899066e-02   1.53932758e-02   1.66761540e-02   4.72217761e-02
   1.09835109e-02  -1.99244451e-02   5.22693470e-02   4.64933738e-03
  -3.22723063e-03  -3.13435751e-03  -6.06047874e-03  -7.12059252e-03
   1.31871328e-02   6.00339957e-02   1.95126254e-02  -2.46049464e-02
  -3.79791879e-03   2.88734864e-02  -9.37115867e-04   7.47398520e-03
  -2.74119638e-02  -2.45876494e-04  -9.81432572e-03   3.48085649e-02
   3.75339240e-02   2.80412342e-02   5.07331118e-02  -1.00957062e-02
  -2.68215127e-02   2.04532547e-03  -1.20214745e-02   1.95306744e-02
   3.03475070e-03  -1.87298916e-02  -3.14586684e-02   1.37142669e-02
  -1.77686978e-02   1.84241985e-03  -2.75054611e-02  -3.77468280e-02
   6.30775467e-03   3.47507857e-02   2.54371651e-02  -5.35662752e-03
   1.41025092e-02  -1.00161638e-02   9.00079031e-03   8.54134839e-03
  -6.72586495e-03  -4.11607996e-02   3.45319994e-02   1.82995219e-02
  -3.39782722e-02  -4.27897181e-03   2.49677468e-02   3.94033231e-02
  -2.53477283e-02   3.46252806e-02   4.03743759e-02   9.94309969e-03]"
../images/10633-9642/image3.png,"[ 0.00624936  0.03176975  0.01740068 -0.01784786  0.01892713 -0.02961528
 -0.00858049 -0.04838282  0.03529337 -0.01956764 -0.00423143 -0.03604161
 -0.01663642  0.00963548  0.03553589  0.0149238  -0.02521607 -0.01489769
  0.00386502 -0.01552579  0.00775084  0.00722374 -0.04737804  0.03660363
  0.00016462  0.03216003  0.00302094  0.03204523 -0.02429476  0.03850402
  0.0186214   0.04890475 -0.00606919  0.0129105  -0.00998622 -0.00738293
  0.00595459  0.00532098  0.01126175 -0.0286394   0.01653718 -0.01464916
 -0.01575094 -0.01948312 -0.00128507  0.02335074  0.01586057  0.05122004
  0.00846321  0.02945247 -0.00584557 -0.02350155  0.00817661  0.0129749
  0.02341077  0.00776914 -0.00180908  0.00050883 -0.00704882 -0.00147319
 -0.01589266  0.04465486 -0.00360364 -0.06082978 -0.00532675 -0.02977683
 -0.02233641  0.00695149 -0.05703104 -0.04755516  0.00456385 -0.03099126
 -0.0052231   0.01156491 -0.01374236  0.0211701   0.03538533  0.05237004
 -0.03794073 -0.02232818 -0.00495303 -0.03670058  0.01121013  0.00375939
  0.02192219  0.01277474  0.01296355  0.00899431 -0.00022363 -0.00528145
 -0.01156713 -0.0129944  -0.00229256  0.01222279  0.0073429   0.02101793
 -0.02937884  0.02725464 -0.02548066 -0.03301656 -0.01161053  0.05081277
  0.00710892 -0.02674983 -0.01231646  0.03610085 -0.00795976 -0.02267193
  0.00506192  0.00496432 -0.013134   -0.00732626 -0.04856314 -0.05938451
 -0.00704242  0.01483793 -0.0404916  -0.00454511 -0.00085101 -0.03665048
 -0.00272702 -0.01057473  0.02993615  0.01300012 -0.03797119  0.02937348
  0.00584856  0.0291206 ]","[ 0.04964093  0.00936265 -0.03362987  0.01306531 -0.0379751  -0.02554658
 -0.00178751 -0.00755122 -0.00464734  0.00875433 -0.00767906 -0.01499433
 -0.00174717  0.005739   -0.00479029  0.02055298  0.05292229  0.0043885
  0.00885724 -0.01704077  0.0181594   0.02960076  0.01045979  0.02331716
 -0.01543193 -0.04125069 -0.001235   -0.03025928 -0.01923632  0.01631136
  0.00650048  0.00043137  0.03928665  0.01383378  0.00385369  0.03596839
  0.00720831 -0.01797801  0.02798522 -0.01328166  0.00331297  0.01418705
  0.03967043  0.00179431  0.02840831  0.02866557  0.00462078 -0.00019218
  0.00725988 -0.01105323  0.007903   -0.02954829 -0.03980007 -0.04291217
  0.0340642   0.00388901  0.00856598 -0.00208565 -0.00809872  0.00021854
  0.02048581 -0.03320701  0.00725775 -0.02518803  0.00560081 -0.02478799
  0.01822015  0.02211979 -0.02713208 -0.0147369   0.02033811 -0.00540034
  0.01889354  0.0336649   0.02634966 -0.00252895  0.01662517 -0.01600559
 -0.01482132  0.0141604  -0.01247091 -0.01876187  0.0263909   0.0276357
 -0.03158533  0.00143542  0.0029089  -0.01318928  0.04923433 -0.05155708
 -0.01385913 -0.0264053   0.00340968  0.01592534  0.00017448 -0.01703608
  0.02189296 -0.02037195 -0.01147747  0.00304369  0.00349403 -0.00088354
 -0.02873286 -0.00553515  0.03793046  0.01103627 -0.00830035 -0.02301402
 -0.02119882 -0.02208034 -0.0074323  -0.01053352 -0.01762594 -0.01698112
 -0.00424837  0.01733663 -0.02738937  0.02631319  0.01427869 -0.01414098
  0.00481483  0.01830535 -0.00434731  0.00485586  0.01992672  0.00840394
  0.02618549 -0.01476625]"
../images/10633-9642/image1.png,"[-0.00503699 -0.04376963  0.03899523  0.02489195  0.05116287 -0.00278974
  0.03967873  0.02333492 -0.00552243 -0.034544    0.01326415  0.02536258
  0.01486709 -0.00568467  0.00491369  0.0202291  -0.02933847 -0.00995433
  0.01029826 -0.01723308  0.00303507  0.01377471  0.07114935 -0.01620642
  0.02576267  0.01374367 -0.04563644 -0.0181413  -0.00087702 -0.02462081
 -0.01009816  0.01248993 -0.04565161  0.00561789 -0.00825988 -0.00502995
  0.04104347  0.01782174 -0.00487488  0.04526084 -0.00439826  0.03349435
  0.00572953  0.03687905 -0.01936356 -0.03236223  0.00557654  0.00916325
  0.05564035 -0.02433642 -0.05698147  0.00579158 -0.00122609 -0.03065501
 -0.03416935 -0.0021995   0.00957478  0.03518314 -0.00361553  0.03852322
  0.00101237  0.00566657  0.01759206 -0.01924599 -0.03830066 -0.0508263
 -0.00390705 -0.02875779 -0.005033   -0.00035096 -0.01795727  0.0252368
  0.01587061 -0.02990195 -0.01552058  0.00011971  0.0274459  -0.0522516
  0.01411337 -0.00091491 -0.02881514 -0.01563824  0.02341384 -0.02090386
  0.01010997 -0.01391288  0.02559577  0.0051604  -0.0036046  -0.02763505
 -0.00758686  0.00175693 -0.00239893  0.01195146 -0.00660063  0.01309093
 -0.06104201  0.00056962  0.02732833 -0.00466993 -0.00672728  0.0337741
 -0.01676132  0.00919299 -0.06756221  0.00227056 -0.00926136 -0.0104843
 -0.000482   -0.02936525  0.00243216 -0.00993564  0.02371951  0.00829518
  0.05085712 -0.0309578   0.01438461  0.01720953 -0.04694603  0.0143533
 -0.01751439 -0.01498025  0.00881555 -0.02229979 -0.01281229  0.05240356
 -0.02582226  0.07319856]","[-0.04286622 -0.00277785  0.01289097 -0.0219236  -0.01328082 -0.00666583
 -0.00719603 -0.00712082  0.00462829 -0.02646356 -0.03106582  0.01498843
 -0.00032394  0.02209982 -0.01649354  0.00369215 -0.02855083  0.01158754
  0.02097533 -0.02080399 -0.02420795 -0.01025439  0.00078429 -0.01865878
  0.00534776 -0.05475891 -0.00795371 -0.03431834  0.01593754 -0.02865008
  0.00974563  0.0078402   0.00734963 -0.00462007  0.03774796  0.00857641
 -0.02395781  0.02012897 -0.01515928  0.00301044 -0.03198903  0.05862553
 -0.04100318  0.01156754 -0.0042295  -0.03975204  0.0126912  -0.00942623
  0.05353968 -0.00481064  0.01676173  0.03393717  0.0254669   0.01646185
 -0.02147564 -0.01198126  0.01924066 -0.00290191  0.01288321  0.0341679
 -0.02884284  0.01632411  0.01322529  0.01182627 -0.02203218 -0.02124625
  0.01084138 -0.01752875  0.00081352  0.02134712 -0.0257574  -0.03082082
  0.05115087  0.05013515  0.00364743  0.00208143  0.00531958  0.00085539
  0.00431796 -0.02777956 -0.00092194 -0.02311111 -0.02640152  0.02767142
  0.01719278 -0.00878581 -0.0050667  -0.02575887  0.00037258 -0.00829536
  0.02062195  0.01777388 -0.02144121 -0.00058246 -0.00533708  0.03896794
  0.03251881 -0.01102099  0.0372123  -0.02166118 -0.01833211 -0.03410766
 -0.03524525  0.01601092 -0.02649451 -0.00636501  0.01066515 -0.02414213
  0.02739249 -0.00179329 -0.00508958 -0.01942665  0.0178428   0.00827093
 -0.0131049   0.01918053  0.00418094  0.01067996 -0.02914564  0.01506541
  0.02057844  0.02453201 -0.01631318  0.01683099  0.04032607  0.03021426
 -0.03477705 -0.02400232]"
../images/10029-1715/image2.png,"[ -3.01799476e-02   2.19646376e-02  -3.37630920e-02   7.91577529e-03
   1.80350093e-03   8.95148143e-03   1.32387877e-03   4.91683278e-03
   1.10574812e-02  -2.24360209e-02  -5.90317324e-03  -4.33384739e-02
  -3.80441546e-02  -2.34443601e-02  -1.31499376e-02   2.63243243e-02
   4.69347322e-03   4.78728451e-02  -4.26234826e-02   1.00688608e-02
  -1.13673909e-02   4.76487167e-02  -8.23930949e-02  -2.09269132e-02
  -1.20963845e-02   2.18818597e-02   2.23202128e-02  -1.70011707e-02
  -1.39483120e-02  -3.53088952e-04  -5.61104268e-02   3.23513895e-02
   2.00409107e-02   4.02004384e-02  -2.52264775e-02   2.33184989e-03
  -2.50688056e-03  -1.66323762e-02  -3.42997983e-02  -3.22030450e-04
   1.15918741e-02  -6.18508644e-03  -1.95280425e-02  -2.14605313e-02
  -5.14548970e-03   3.17187570e-02  -6.57597417e-03  -2.34003682e-02
  -3.45606469e-02   1.06403297e-02   4.35034046e-03  -5.77863632e-03
  -5.16150221e-02  -5.71631826e-03   6.31040009e-03   2.95818914e-02
  -8.46563093e-03  -2.46699732e-02  -6.69965334e-03  -2.26669144e-02
   1.02140158e-02  -3.88448383e-03   7.45378947e-03   1.82609987e-02
   1.17993783e-02  -8.14117398e-03  -5.87597489e-03   3.47358026e-02
   4.35267687e-02  -1.11628287e-02  -2.73848046e-02   7.19157187e-03
   2.64791474e-02  -1.99468085e-03   1.59481112e-02  -1.75045729e-02
  -4.69867140e-02  -3.29433978e-02   4.30521462e-03  -4.81391512e-03
   4.88977367e-03   1.79457888e-02   2.65167910e-05  -1.34650478e-02
  -1.09405639e-02   5.34497499e-02   7.29035074e-03  -2.60403790e-02
   2.76889373e-02  -1.10303452e-02   2.04433207e-04   3.57576273e-02
   6.94404263e-03  -1.61245000e-02  -1.51721862e-04  -2.67615076e-02
   8.72339355e-04   9.46409628e-03   4.37028706e-03  -1.82314124e-02
  -5.56883356e-03   2.05564369e-02  -2.34486368e-02  -2.69601010e-02
  -2.24679392e-02   1.42944707e-02   3.26024480e-02  -1.17270639e-02
   1.29812527e-02  -1.29544996e-02   8.19384679e-03  -4.04287353e-02
  -2.25855894e-02   1.85607262e-02   3.96765135e-02  -6.18321523e-02
  -3.83894425e-03  -9.16470308e-03   5.93634229e-03  -2.48209061e-03
   1.06702093e-02   3.53118666e-02   1.22666676e-02  -2.98120920e-02
   2.84375455e-02   4.63683493e-02   2.15960434e-03  -3.09130624e-02]","[ -3.31136137e-02  -1.79103259e-02   1.25563946e-02  -9.71836038e-03
  -4.44859974e-02  -6.32785354e-03   1.05289407e-02   3.52377854e-02
   2.66404189e-02   9.91385803e-03  -3.18505354e-02  -1.04236519e-02
   1.19142104e-02  -3.56641831e-03  -6.01127627e-04  -3.56436670e-02
  -2.03524176e-02  -2.20183246e-02  -1.41521264e-02  -2.76625156e-02
  -1.51872952e-02   2.54007857e-02   3.68372956e-03  -4.22847942e-02
   2.21602693e-02  -2.14109197e-02   6.24217791e-03   2.42774095e-02
   2.80275680e-02  -1.20399306e-02  -6.78132894e-03  -3.03827692e-05
   1.12641742e-02   2.39147712e-02   5.53785227e-02  -1.70017332e-02
  -1.63457897e-02   1.48137957e-02  -1.24720605e-02   1.66493584e-03
  -7.34222727e-03   1.52944401e-02  -2.08977796e-02   1.36243459e-02
   1.01943715e-02  -3.39673609e-02  -2.75403950e-02  -1.28857391e-02
   4.10343660e-03  -1.41595379e-02  -2.85201538e-02   4.74719852e-02
  -8.37567076e-03   1.91277321e-02   2.74678599e-02   2.60618515e-02
  -5.68569498e-03   3.06370016e-03  -1.83773562e-02   1.78249776e-02
   2.56058928e-02  -4.07472486e-03  -3.24617736e-02   1.80153386e-03
  -1.80698913e-02  -3.93083543e-02   1.37222316e-02  -1.73559841e-02
   3.54133500e-03  -2.00028811e-02  -1.02897538e-02  -1.00150965e-02
  -2.28480138e-02   1.11637795e-02  -1.17937010e-02   3.15634022e-03
   4.09301519e-02  -7.42633082e-03  -4.77186497e-03   3.74332219e-02
  -4.68450971e-02   2.34925952e-02   7.05047511e-03  -1.27046192e-02
   7.25672627e-03   7.88860489e-03   5.65660652e-03  -6.19854592e-03
  -3.06506772e-02   2.29551792e-02  -1.47691080e-02  -5.24752326e-02
   7.18242349e-03   1.37559893e-02   5.47274537e-02  -1.71986800e-02
  -1.76848024e-02   3.19334306e-02   2.48362329e-02   2.93423720e-02
   1.85575560e-02  -2.81564221e-02  -8.73301364e-03   2.94605661e-02
   4.32771957e-03  -4.05956954e-02  -1.77161135e-02   8.75925645e-03
  -1.12808477e-02   3.54405269e-02  -2.27467227e-03  -3.50074731e-02
   2.50219256e-02  -9.12758987e-05   7.64250476e-03   1.54125560e-02
  -2.68182848e-02   2.81961001e-02  -4.94108498e-02  -5.16124666e-02
   2.01644283e-03  -1.34593341e-02  -1.42011391e-02  -2.59113824e-03
  -1.46984449e-02   2.48001348e-02  -2.90544722e-02   9.39915236e-03]"
../images/10029-1715/image5.png,"[ -2.05262005e-02   3.78762968e-02  -1.33307243e-03  -4.66072746e-03
   3.00996518e-03  -3.24202999e-02   1.03403153e-02   5.67896180e-02
   1.41759282e-02   4.87872474e-02  -7.77184498e-03   2.34272610e-03
   8.76308419e-03  -5.16895503e-02  -2.98104249e-03   3.17014009e-02
   5.60892113e-02   4.40810435e-03  -4.52490225e-02  -1.01488121e-02
  -1.06638605e-02   8.46098363e-03   2.84875520e-02   4.84626777e-02
   2.73664128e-02  -1.76898204e-02   1.64270634e-04   1.39648290e-02
   1.11873737e-02   3.13205980e-02   3.00289690e-03   1.44726399e-03
   1.97247230e-02   1.20037915e-02  -3.41733582e-02   1.10030815e-04
   3.21541354e-02   7.32661970e-03  -7.32781831e-03  -1.90169923e-02
  -3.39182392e-02  -6.28383365e-03   2.50968672e-02   5.49025461e-03
   1.02348020e-03  -3.28414775e-02  -3.80322225e-02   2.72921678e-02
   1.22904638e-02   6.09060600e-02   4.54650447e-03   2.75334138e-02
   2.11970275e-03  -1.43868132e-02  -3.63458730e-02  -7.53476657e-03
  -4.57475800e-03  -8.01904034e-03   9.73822389e-05  -7.33971922e-03
  -1.42198792e-02   7.72869447e-03   2.13154014e-02  -1.95280798e-02
   2.24091299e-02   3.81501690e-02  -1.31498184e-03   1.66737661e-02
  -1.10084023e-02   1.30242147e-02  -3.75132188e-02   2.72386204e-02
  -1.63841434e-02  -2.58475877e-02  -1.96163692e-02   9.35288519e-03
   6.16465136e-03  -6.22551283e-03   1.76475625e-02   3.29307467e-02
   2.39649154e-02   2.39168685e-02  -2.83685960e-02  -2.37018578e-02
   7.41781890e-02   5.73856309e-02  -4.09150235e-02  -3.27837281e-02
   9.85217653e-03   1.31810261e-02  -5.80949709e-04   3.08809094e-02
   2.84620747e-02   4.38584574e-03  -8.03756434e-03   1.89933833e-02
  -5.75983385e-03   2.56393850e-02   1.62997637e-02  -1.59410518e-02
   1.13488678e-02   1.49946380e-02  -1.11026838e-02  -1.40176807e-03
   1.05924020e-02  -1.82838161e-02   5.11294678e-02   1.00516598e-04
   1.12311747e-02  -2.17192508e-02   8.81234184e-03  -3.25120194e-03
  -2.71139536e-02   1.11825224e-02   6.20847717e-02  -6.14384525e-02
  -7.06889108e-03   2.91601289e-02   1.22371875e-02  -2.95082899e-03
  -2.46780422e-02  -1.41043682e-02  -4.84397449e-02   3.64239179e-02
  -3.28638591e-04  -4.32281606e-02  -1.08896438e-02  -1.22428928e-02]","[ 0.02956377 -0.03032518 -0.00205302 -0.00301688  0.04372628  0.00123863
 -0.04526019  0.03099672  0.00180466  0.00521415 -0.05712321  0.00510988
 -0.02768682 -0.02955794  0.00167682 -0.00664065 -0.00428902 -0.01421191
 -0.01285275  0.00869162 -0.01142999 -0.01555317 -0.02482872  0.01652545
  0.03962884  0.02497436 -0.00994804 -0.01544586  0.00863287  0.00808357
  0.02685722  0.00034401  0.03682993  0.01033789  0.02726054  0.03130587
 -0.03715149  0.03561153 -0.00848733 -0.00161329  0.03943328 -0.00602084
  0.04168215  0.01158437  0.02388144  0.02074082 -0.00131525  0.02543077
 -0.01294885  0.01354628 -0.01825118 -0.00563065  0.0072614  -0.00850696
 -0.00410592  0.01971043 -0.00430459  0.01958453  0.00483946 -0.0166944
  0.00655084 -0.00296647 -0.00556524  0.01259563  0.01209796  0.026256
 -0.04828192  0.03253309 -0.00284001  0.01320557  0.02338408  0.00311846
  0.03184193  0.0078903  -0.00908315  0.02148691  0.0081235   0.01486275
  0.03869152  0.03140509  0.01356173  0.01339676  0.00038277  0.02469705
  0.01933126  0.04337073  0.01036654  0.03774389 -0.03325684 -0.0048606
  0.01848168  0.02882059  0.00114976  0.02829653  0.00918111  0.00515877
 -0.0122649  -0.00940103  0.02302541  0.00653186  0.00775654 -0.03586974
 -0.01170918 -0.02688708  0.00067379 -0.02094807  0.04577214 -0.03658835
 -0.05733329 -0.02859587  0.02946016 -0.02035918 -0.00617692 -0.04355357
  0.00903818  0.00591583 -0.02228962 -0.01215289 -0.03356577  0.01996351
 -0.01169894  0.01317358  0.0045305   0.00250192  0.00595251 -0.05890979
 -0.01507192  0.02548848]"
../images/10029-1715/image3.png,"[  4.02190909e-02  -6.62363973e-03   1.51242064e-02   4.90500033e-03
  -4.86910017e-03  -1.87696852e-02  -1.19577441e-02  -2.42036004e-02
  -1.86855160e-02   3.16675864e-02  -1.16957389e-02   8.74916371e-03
   2.02045124e-02   2.01643985e-02   1.41113985e-03  -9.09279380e-03
   1.84924528e-02  -1.09808277e-02  -3.74746183e-03   3.75332199e-02
   5.12809074e-03   3.32753337e-03   4.16529318e-03   5.53578250e-02
   1.62399765e-02  -4.86340187e-03   5.83391916e-03  -9.33534559e-03
  -3.05076949e-02   2.94337980e-02  -3.37996357e-03  -3.74551527e-02
  -1.84923410e-02  -1.50452247e-02  -6.08087191e-03   3.87211726e-03
  -2.74585118e-03  -2.21235715e-02   5.53722754e-02  -2.35262606e-02
  -4.00393317e-03  -3.91720235e-02   3.17884982e-02   2.16331258e-02
  -5.43883350e-03   4.68927883e-02   3.58143036e-04   1.39958207e-02
  -2.98234764e-02  -1.18865562e-03   5.75212901e-03  -6.93334639e-02
  -1.16293021e-02  -9.81629267e-03   3.01871495e-03   4.13641110e-02
   4.57934011e-03   2.66885310e-02   8.16049054e-03   1.76482778e-02
   1.58744100e-02   4.70127873e-02   1.54475253e-02  -2.94905230e-02
   3.15936767e-02   5.92545257e-04   1.62787437e-02   2.89253220e-02
  -2.66444422e-02   7.58584403e-03  -2.26052273e-02  -2.68001948e-02
  -2.57624350e-02  -4.32544872e-02  -4.58951248e-03   2.78490707e-02
  -1.54259871e-03  -9.47468262e-03   2.42769979e-02  -2.68454459e-02
  -5.13149612e-02  -6.13511819e-03  -1.70314517e-02  -1.50193013e-02
  -2.36487444e-02  -3.46016698e-02  -1.37356101e-02   4.70424704e-02
  -2.01853942e-02  -5.14034145e-02  -6.41448889e-03   2.16649733e-02
  -1.27659049e-02  -4.04679775e-03  -1.75508182e-03   2.49009226e-02
  -3.67060341e-02   1.66270696e-02   3.47086154e-02   1.68041475e-02
   4.51794043e-02   2.15293635e-02  -4.18352932e-02   1.20910071e-02
  -1.71172358e-02  -3.44958976e-02  -2.89050285e-02   1.40445810e-02
   2.30572745e-02   1.34875691e-02   4.10209298e-02   4.39671427e-03
  -2.84947511e-02  -5.00083230e-02  -1.88413309e-03   6.23367503e-02
   5.06260572e-03  -1.19121524e-03  -3.93876955e-02   1.00232307e-02
   5.92765212e-03  -2.27767341e-02   2.78561115e-02  -3.14275175e-02
   2.36416291e-02   8.59648660e-02   9.48997913e-05   1.14418343e-02]","[ 0.05308986  0.02486608 -0.01588312  0.02139097 -0.00688938 -0.04607029
 -0.0109223   0.00486703  0.02206826 -0.02551408 -0.01096258  0.02947842
  0.02019172 -0.04044471  0.03791071  0.00186259 -0.00981486 -0.00951656
 -0.00137481  0.00430288 -0.00915701  0.05250813 -0.00447067 -0.00327257
 -0.00076785 -0.04039649  0.00760695 -0.04333708 -0.0086353  -0.00700041
  0.04295075 -0.03162947  0.01435152  0.02192353 -0.0258275  -0.02625008
  0.03682794 -0.01257072  0.00238757  0.02163772  0.01478718 -0.02051101
  0.01457021 -0.00646577 -0.03518088 -0.00549011  0.03024825  0.03772437
 -0.01420702  0.0101312  -0.01683644  0.03298355 -0.01415136  0.00179872
 -0.03305701 -0.03382801 -0.00384829  0.02848803 -0.01199596 -0.00532649
  0.04308419 -0.028855   -0.02171982  0.0306687  -0.02994049  0.00322907
 -0.00301182  0.00674895  0.0086113  -0.01767682  0.00651522  0.01073021
 -0.00285056  0.01766547 -0.0062722   0.02386335  0.01233327  0.00604118
 -0.01485067 -0.02943871 -0.02701196  0.02315856  0.00339946  0.02529489
  0.00678889  0.03255179  0.02272827 -0.01211991  0.02324781 -0.01020415
 -0.01380232  0.0301523  -0.00678886 -0.00166542 -0.02635278  0.0336691
 -0.03194636  0.00335762 -0.01446087 -0.01816096 -0.01361683 -0.00393894
 -0.0056491  -0.0080163  -0.01696335 -0.02359055 -0.02645979 -0.02293257
  0.02482053  0.00917063 -0.03707967 -0.04142203  0.00040934  0.01182382
  0.02139857  0.0232102  -0.01595847  0.01640032  0.00315865  0.02336706
 -0.0125231  -0.01894326  0.00818036 -0.0210223   0.00437139 -0.03217928
  0.01133813 -0.04479351]"
../images/10029-1715/image4.png,"[ 0.01311637 -0.00112283  0.01239724 -0.01397258 -0.01534307  0.00250138
 -0.01151812  0.0525883   0.00260695 -0.0145054  -0.00161299  0.00088042
 -0.00850832  0.03215433 -0.01870651 -0.0043769  -0.02078974  0.00779205
  0.03048329 -0.00087445  0.00577874  0.02170609  0.02046033 -0.01098877
  0.02783892 -0.02636143  0.00883021  0.02094571 -0.01239704 -0.00941117
  0.007769   -0.0171316   0.01887101  0.02073993 -0.03498354 -0.0353048
 -0.05573794 -0.02200704  0.00117317 -0.05343184 -0.038757    0.05785363
 -0.01917477 -0.00799922 -0.04316075 -0.03535409  0.02576115 -0.04046822
  0.00079061  0.02330608  0.01043651 -0.01144105 -0.02824073  0.00941565
 -0.0387676   0.02155868  0.02322517  0.01117368 -0.00810365 -0.03434923
 -0.0251644   0.00170788 -0.01106505  0.01568501  0.00179159  0.04278342
  0.02097941 -0.00986216 -0.03683436 -0.02927513  0.00247346 -0.00056821
 -0.00718133 -0.0674291  -0.02222788  0.03128227 -0.00155569 -0.05237089
 -0.04015746 -0.00574556  0.00201174  0.05491743 -0.01132385  0.02743758
  0.00439172 -0.00848262  0.01686983  0.00690693  0.02752289  0.00268036
  0.00453496  0.00682153  0.01440719  0.00598386 -0.01083978  0.00542502
 -0.00644144 -0.00432109 -0.00254995  0.00413486 -0.01917017  0.02279349
  0.01257872  0.01396571 -0.03503345  0.01214955 -0.02527105  0.00213794
  0.00781071 -0.01719548  0.01190047  0.01937138 -0.01243974  0.00177617
 -0.04839704  0.02398986  0.02749016 -0.01595636 -0.04274196  0.0007868
 -0.02164689 -0.02301753 -0.01381179  0.01814649 -0.03208916 -0.00024698
 -0.02012426  0.01213933]","[ 0.02768237  0.01559642  0.01619161  0.02459242  0.02814813  0.00946635
  0.00331975  0.02930784 -0.00668555  0.00148057 -0.02864466 -0.01193461
 -0.02475787 -0.0272025   0.01574345  0.00410063  0.02623675  0.03974523
  0.00401274  0.01937929  0.00492834 -0.02109801 -0.03274116  0.00492251
 -0.00185544  0.04027606  0.02901883 -0.03239879  0.02861862  0.00476502
 -0.00688893 -0.00375286 -0.00632874  0.00201614  0.02037215 -0.03149674
  0.04032937 -0.01337781  0.04017668 -0.06177375 -0.01444443 -0.00100148
 -0.01112081 -0.00458906 -0.032726   -0.00508803 -0.00351105 -0.0122821
  0.02286477 -0.00752546 -0.00057259  0.0308468   0.06136455  0.01402311
  0.02031542 -0.0231002   0.00404233 -0.00847135  0.01452883  0.02120655
 -0.00103295 -0.01414788  0.01411669 -0.0248326   0.00685285  0.06666884
 -0.01686494  0.02876551  0.01415771  0.01713333 -0.02220777  0.0483271
  0.04122433  0.03053753  0.00303165 -0.00548015  0.04479676  0.04555014
 -0.00530324  0.03476575 -0.01451745 -0.01143221  0.01160292 -0.00880095
  0.00984492 -0.02089469 -0.01247495  0.02750464  0.04150588  0.02991598
 -0.03165578 -0.02631629  0.01273533  0.02428971 -0.00984637  0.04190619
 -0.00085506 -0.00516147 -0.01376784 -0.02531818  0.00586403  0.02736053
  0.0035618  -0.00374404  0.02169815 -0.02290018  0.00776762 -0.00118898
  0.01130308  0.03315244  0.01396909 -0.02820522 -0.01310298  0.01572658
  0.00212634 -0.01188642 -0.02039494 -0.0387206  -0.00761399  0.02148687
 -0.02231335 -0.01840021  0.00772781  0.00772991 -0.00300214  0.00923575
 -0.00956294  0.00764266]"
../images/10029-1715/image1.png,"[ 0.03675996  0.04080027 -0.05740865 -0.05438397  0.00304821 -0.0162198
  0.02636601  0.01541649  0.0001994   0.02652943 -0.01693365 -0.0099123
 -0.01756832 -0.01346749  0.02483439 -0.01254235 -0.05501524  0.02200411
 -0.00909642  0.00801261  0.0078941  -0.01848141 -0.01789652 -0.01794562
  0.03716498  0.01787081  0.01000253  0.01669007  0.04625799 -0.01932293
  0.02919945 -0.00074035 -0.00609492 -0.01348141 -0.01744013  0.00817117
 -0.04983229  0.04604282 -0.02900294 -0.0171029   0.02280525  0.01103012
 -0.01253389 -0.04150961 -0.00673763 -0.02814487 -0.03288381  0.03796725
 -0.04500881 -0.0060576   0.05076143  0.02543543 -0.05721254  0.0324045
  0.02941583 -0.02133494 -0.05799579  0.00731821 -0.02547289  0.03315555
  0.03392545 -0.01415046  0.00543848  0.00455939 -0.00840429  0.00537488
 -0.05126477  0.01580691  0.00719521 -0.00865631  0.03691065  0.00470462
  0.04023629 -0.05385489  0.00469053  0.06130899 -0.01666984  0.00148901
  0.01466331 -0.04685057 -0.03593502  0.01153056 -0.03557998  0.03842614
  0.00762526  0.00884213  0.0192212   0.0361998   0.02832921  0.02416477
  0.04103459  0.00806132 -0.01946787 -0.04535994  0.00429943 -0.01179465
 -0.06075351 -0.01319582  0.03394518  0.02833303  0.00110566  0.05257673
 -0.01974272 -0.02511585  0.02058732  0.02873331 -0.00041625  0.03350924
  0.01717249  0.00438832 -0.01773722  0.02088357 -0.012177    0.01255381
  0.01947666 -0.01286828  0.02791383  0.02993426  0.02393014 -0.00986395
 -0.01767937  0.0177141  -0.01302831  0.01422734 -0.01061406  0.01294329
  0.02140545 -0.00183667]","[  3.76481586e-03  -1.85987633e-02   3.22491787e-02  -1.13192424e-02
  -6.79782173e-03  -3.32326815e-03   1.25538278e-02   2.61043906e-02
   2.44266428e-02  -2.03739759e-03   3.11132930e-02   1.89445298e-02
   2.75761057e-02  -4.80974652e-03   1.77180525e-02   1.80430021e-02
   4.35808022e-03   1.86737790e-03   2.37806817e-03   2.38496643e-02
   3.63290822e-03  -3.14329974e-02   2.89080199e-03  -1.69330575e-02
   4.10316624e-02  -1.26130553e-02   1.15733929e-02   4.33687419e-02
   2.25894284e-02  -1.04966033e-02   2.34587118e-02  -2.62170751e-02
   8.70162714e-03   2.59666750e-03   4.70234826e-02   1.41510163e-02
  -2.68121380e-02  -2.01156922e-03   3.29557620e-02  -1.73974633e-02
   4.57552494e-03  -7.56420335e-03  -1.57055873e-02   2.85378806e-02
   2.69077476e-02   2.76855361e-02  -8.82608443e-03  -5.09064551e-03
  -1.53082917e-02   1.67279318e-02   2.17679255e-02  -1.00414094e-04
  -2.54013459e-03  -2.46326216e-02   4.06839419e-03   1.16151795e-02
   3.64246443e-02   1.31391017e-02   2.90719531e-02  -6.94098556e-03
  -2.55316440e-02   1.99373625e-02   4.64286171e-02  -2.52428721e-03
   6.94906339e-03   1.02050779e-02   2.03508660e-02   2.30130777e-02
   7.11632147e-03   2.54619177e-02  -1.41302329e-02   1.16596110e-02
  -2.80411765e-02   7.19854459e-02   3.92673956e-03   2.32975259e-02
   2.71650217e-02  -3.67594436e-02   6.09987602e-03  -4.03210260e-02
   1.75067540e-02   1.00036711e-02   7.03180395e-03  -1.64305717e-02
   1.22357719e-02   1.03149517e-02   4.13231030e-02   4.00582515e-02
  -7.82045536e-03   2.75770705e-02  -3.41214053e-03   2.69103665e-02
  -1.14634782e-02   6.58371858e-03  -5.05564967e-03  -1.01431394e-02
   6.95327111e-03   8.65358207e-03  -1.55374650e-02  -5.37087582e-02
   5.57379099e-03  -9.78223700e-03   1.42272348e-02   4.96206433e-02
  -1.60714854e-02   6.54042559e-03   9.39183682e-03  -4.12595421e-02
  -1.86321065e-02  -9.11493972e-03  -5.09370212e-03   1.37451412e-02
   4.75220755e-03  -5.13539370e-03  -1.18310694e-02  -1.26761878e-02
  -1.40129803e-02   2.03518942e-02  -9.43821296e-03  -2.21942849e-02
   5.50243147e-02   2.46254895e-02  -8.81381275e-05   2.98286468e-04
   3.02044302e-02  -1.46308111e-03  -2.60529052e-02   2.51681334e-03]"
../images/204-2007/image1.png,"[ 0.01807842  0.00067716  0.00445957  0.03891866 -0.00606689  0.00217297
 -0.01353822  0.02799703  0.01752287 -0.02103181  0.00165986 -0.01508044
  0.03034465 -0.00698871 -0.02475045  0.00690465  0.00900581 -0.02018304
 -0.03061374  0.00900636  0.01042587 -0.00605717 -0.01312707 -0.02189658
  0.04318165  0.00357332  0.01356662 -0.04862717 -0.00528502  0.00027941
  0.00127245 -0.00536392 -0.00208618  0.0244118  -0.05177998  0.03724114
 -0.00539444  0.03297162  0.01696453  0.00818192 -0.01032004 -0.02770116
 -0.03487724  0.00116478  0.00657752 -0.00856324  0.02648246  0.03368387
 -0.01672613  0.00836078  0.00497997  0.02374673  0.01416277  0.02142741
  0.02090814  0.0021682   0.00347744 -0.0004639   0.01140307  0.02811225
 -0.00380552 -0.05877929 -0.02251556  0.00035838  0.01279547  0.08469658
 -0.03658444  0.00390401 -0.0285604   0.05244349  0.02407325  0.00836668
  0.03587225 -0.03696099 -0.01939731  0.02972095  0.01866456  0.01830767
 -0.0069484   0.05834061 -0.01682172  0.01346986  0.03865914 -0.01405393
  0.0049304  -0.0025151   0.01184516  0.02564123  0.02491966 -0.0023197
 -0.00922346  0.03109888  0.01092924 -0.01106998  0.03621745 -0.08920724
 -0.00785694  0.01067381 -0.00931052  0.0274141   0.00364111 -0.00064059
  0.03972259  0.02048243 -0.01647419  0.02339455  0.00746943 -0.01682263
  0.01141354 -0.001853   -0.01069139  0.02106373 -0.01129378  0.01778235
  0.01528984 -0.01976922  0.02965763 -0.02644357 -0.03314739  0.01246119
  0.01193382  0.00919804  0.01423864  0.04292459 -0.0059972  -0.02251595
  0.01521605 -0.0504477 ]","[-0.01978976 -0.0087245  -0.02180031 -0.02017261  0.00094737  0.01590348
 -0.02154981 -0.02965406  0.00384511 -0.01197655  0.03180178 -0.00321973
 -0.03521784  0.01840554  0.01773473  0.01104109 -0.0268816   0.03494887
 -0.03826711 -0.0098704  -0.03592203  0.02029229 -0.04389882 -0.02904451
 -0.03138723 -0.06492484 -0.0247729   0.02674577  0.00650315  0.00338164
 -0.01893229 -0.05342326  0.00533593  0.00597472 -0.01250193  0.01179533
  0.02315671  0.00042206 -0.05031247 -0.00873305  0.00666289  0.01854214
  0.04218159 -0.01076387 -0.03654031 -0.02100934 -0.02392436  0.00437426
 -0.00344598 -0.00287753  0.04451479  0.05682212  0.03055602 -0.01383313
  0.01014648  0.05428274 -0.00373259  0.01771475  0.01013421 -0.04021484
  0.00158454 -0.01427422 -0.0234767  -0.02293613  0.00405632  0.01592136
 -0.0013918   0.02902533 -0.00118052 -0.03929796 -0.01616723 -0.01797315
  0.01313236  0.03856583  0.00469429  0.00634793  0.00819176  0.01496013
  0.01048569 -0.00965515  0.00562288  0.04720728 -0.06267691  0.02648263
 -0.01848456  0.01779048 -0.02141652  0.02267181  0.01190669  0.00474765
  0.03357382 -0.00924152  0.01593125 -0.00368924  0.00289161  0.04220308
  0.02405708 -0.00219175 -0.03490772 -0.00441553 -0.03018823  0.01666322
  0.02720076 -0.02702499 -0.01032941  0.01336456 -0.0134863  -0.03517848
  0.02688599 -0.01033082 -0.01016977 -0.04251293 -0.0105629   0.01426973
 -0.01087804 -0.00842257 -0.02876746 -0.01557067  0.03907648 -0.02849869
 -0.00353738 -0.00126114 -0.02328978  0.01179739  0.01708275 -0.00402245
  0.0148182  -0.02569553]"
../images/204-2012/image2.png,"[  5.09415865e-02   1.99606288e-02  -2.45660413e-02   8.92836414e-03
   7.73605099e-03   5.26169315e-03   3.81303504e-02  -2.40992326e-02
  -1.52853746e-02  -1.82764735e-02  -8.99469014e-05  -1.71769392e-02
   2.16355622e-02   1.39483456e-02  -3.67533490e-02  -4.80178557e-02
  -5.41314296e-02   7.49212131e-03   1.43868281e-02   7.67366169e-03
   3.64755397e-03  -2.38621770e-03  -3.15667652e-02   1.21033527e-02
  -2.26179976e-02   5.28989080e-03   1.71708222e-02  -3.40293311e-02
  -1.78081961e-03  -7.94064533e-03   2.63761654e-02   1.42949345e-02
  -1.46654304e-02  -2.12854054e-02  -8.52383021e-03  -2.56368518e-02
  -3.84596661e-02   5.34052867e-03  -4.29535806e-02  -5.87610388e-03
  -2.33104881e-02  -3.33238356e-02   2.46733315e-02  -2.78713480e-02
  -1.04817282e-02  -7.66960671e-03   5.92019632e-02  -3.73186357e-02
  -1.84954051e-02  -3.14680412e-02  -5.32427803e-02  -2.94619538e-02
   7.32907839e-03  -2.72960048e-02  -4.34453674e-02   2.98356544e-03
   2.22654697e-02   7.51854898e-03  -1.50140561e-02  -5.54389413e-03
  -2.30335388e-02   8.49534944e-03   4.65288013e-02   3.90124768e-02
  -2.31315922e-02  -1.95478871e-02   4.64795530e-02   2.23928411e-02
   3.66118364e-02  -3.05974837e-02   2.70137079e-02   4.53977333e-03
  -2.70701647e-02  -4.81176376e-02   7.97837228e-03  -3.87164541e-02
  -4.12445068e-02   3.94862741e-02   1.33811738e-02   3.19080725e-02
   1.04158353e-02  -5.95282414e-04   8.62796418e-03   1.44834127e-02
  -3.17800865e-02  -9.59153567e-03   4.80636256e-03   3.08002606e-02
  -5.93387242e-03   3.36522795e-02  -4.20287717e-03  -1.56638660e-02
  -1.98436864e-02   3.79146487e-02   9.71939601e-03  -3.82023305e-02
  -1.78448390e-02   4.10843790e-02   1.33868288e-02  -1.97264533e-02
   1.81150176e-02  -7.90656451e-03   8.59028939e-03   8.74794833e-03
   3.22433226e-02  -1.54012758e-02  -3.14009227e-02   4.44950499e-02
  -4.50361967e-02  -3.86690684e-02  -2.50252895e-02   2.67823227e-02
  -4.24960703e-02  -2.88010784e-03   4.63982299e-03   3.74282077e-02
   1.00146113e-02   3.73552553e-02   1.28163463e-02  -4.21135984e-02
   3.98429669e-02  -3.88665614e-03   1.26201361e-02  -1.20834494e-03
   3.29781175e-02  -2.86503322e-02   5.28819561e-02  -3.66794467e-02]","[ 0.01360513  0.02815729  0.00202893 -0.02537932  0.04339506 -0.01050648
  0.02593007  0.00221851  0.03618233  0.0242105  -0.01322255  0.00431061
 -0.00470744  0.02869936  0.01961775  0.01607518 -0.04924516  0.01418511
  0.00616227  0.01284252 -0.01847689  0.01313099 -0.03059405  0.00559517
 -0.03273907  0.01522713  0.02079581 -0.02576157 -0.0121723  -0.00934281
  0.02972794 -0.03822127 -0.00550403  0.02585531  0.00449825  0.0023971
 -0.00589947 -0.04762119 -0.00806515  0.03239566 -0.00859023 -0.03661419
  0.01467156  0.00253549 -0.03326733  0.03063539  0.01897384  0.03809338
  0.01079742 -0.01145297  0.00895967  0.0316931  -0.00065162  0.00378226
  0.00623409 -0.01128666 -0.01066017  0.03915571 -0.00074698 -0.02722721
 -0.00563286 -0.00855095 -0.02229929  0.01216674 -0.01708822 -0.02192807
  0.02441636 -0.01117565  0.01479256 -0.04713601  0.01402573  0.00880842
  0.03215679  0.02009303  0.04777461  0.00093764  0.02098613  0.02327595
  0.02002234  0.01865118  0.01385453  0.00805761 -0.00208831 -0.03673621
  0.02310535  0.00338164 -0.00021727 -0.00870062  0.00164087  0.00576106
  0.01284328  0.03200579  0.01579824  0.06066111 -0.00728437  0.03894704
  0.02076348  0.00933139 -0.02762205  0.01994365  0.03282721  0.01074227
  0.01611178  0.01520313 -0.03036783 -0.00580211 -0.00230674 -0.02352748
 -0.02343623  0.02443965  0.01779174 -0.01108709  0.02146573 -0.00540431
  0.02427313 -0.00611195 -0.00022893 -0.05317296  0.00724416 -0.02104952
  0.00994533 -0.04654869  0.01674423 -0.00727536  0.00330574  0.00668574
  0.01043313  0.01502509]"
../images/204-2012/image1.png,"[ 0.01587418  0.02278195  0.02318088  0.03707037 -0.00124614  0.00726218
  0.03719239  0.06284326 -0.01356449  0.00988629  0.0503747   0.00378206
 -0.02682879 -0.01452766 -0.03955094 -0.01707468 -0.03670491 -0.02368574
  0.00750139 -0.02870601 -0.00200295  0.03982189 -0.00599444  0.01539803
  0.03364211  0.01842551  0.01252363  0.01457434  0.02223195  0.01500004
 -0.03174407 -0.02711163  0.01291165 -0.00013029 -0.00365444 -0.00141224
  0.00046475  0.03055211  0.01632796  0.01463154  0.02291427 -0.01792015
 -0.01053142 -0.03305528  0.01869665  0.04839617  0.03828645 -0.0182875
  0.04898069  0.00970518 -0.03585445 -0.06461647  0.01974531 -0.02029694
 -0.00510588  0.0034122  -0.0067737  -0.04207649  0.00047711  0.0431461
 -0.06953312  0.03459229 -0.01591106  0.01029318 -0.03499736  0.06032441
 -0.00390084  0.00230959  0.05471364 -0.01378064 -0.00378343  0.03546727
 -0.01421822 -0.00746489 -0.00857883 -0.0094246  -0.00690354  0.00684807
 -0.01557713  0.00402356  0.00634008 -0.00036939  0.01108474 -0.02363772
 -0.0013709   0.01157399  0.00437471  0.01619089 -0.04873494 -0.00132923
  0.04595054 -0.01614413 -0.01039137 -0.04087728  0.01776566 -0.01033737
  0.00475497  0.00138536  0.01620454 -0.00181232  0.03973902 -0.02523519
  0.0359873  -0.07490014 -0.02170704 -0.03460666 -0.03537986 -0.01254497
  0.0019704   0.01282463  0.03067727 -0.00544544 -0.02159783 -0.00111893
 -0.05604909  0.0291348  -0.01445465  0.05906114  0.00025532  0.02183432
  0.03897855  0.00064937  0.03293591  0.01059659 -0.00057751 -0.00078977
  0.00688918 -0.00805078]","[  1.58984046e-02   1.85891110e-02   6.79091597e-03   1.42816976e-02
  -2.79911503e-04  -3.77650484e-02   2.61425897e-02   1.04155866e-02
   2.35453295e-03  -2.41447128e-02   1.65867452e-02  -2.75636762e-02
   1.04501294e-02  -4.10706773e-02  -9.33043752e-03   3.93616408e-03
   1.50459483e-02  -1.32203158e-02  -5.89430006e-03   2.70881038e-02
  -1.12300850e-02   5.84067777e-03   2.86420691e-05   8.53875559e-03
   2.53148302e-02   2.15024538e-02   2.53032185e-02   6.21703500e-03
  -9.75880306e-03   2.53992039e-03   3.68345156e-02  -2.72172373e-02
  -1.17794154e-02   1.75571144e-02  -9.70585551e-03  -2.25024894e-02
   4.98929992e-03  -2.61143525e-03   9.95593797e-03   4.35816729e-03
   2.04191748e-02   2.13372856e-02   5.18934289e-03  -2.52826065e-02
  -1.45974569e-02  -1.63353663e-02   2.09917091e-02  -2.59907655e-02
   7.27549149e-03  -5.03885709e-02   6.45611959e-04   2.60889791e-02
  -2.26002745e-02   5.56627177e-02   2.38427203e-02  -6.06479123e-03
  -7.35071767e-03   1.37529271e-02  -1.82648264e-02  -1.07482504e-02
  -2.16648802e-02   1.70201007e-02  -3.13030407e-02  -2.27658488e-02
   3.09814028e-02  -3.22166979e-02   2.69953199e-02   2.33792979e-02
   2.03598123e-02   2.30701454e-02   3.29612792e-02   4.70547639e-02
   3.26505722e-03  -1.34062199e-02  -1.43586006e-02   1.66059807e-02
  -1.28835570e-02   3.92537825e-02  -2.49487944e-02  -1.41321970e-02
  -1.24278013e-02  -2.50093453e-02  -1.20343985e-02   1.95775852e-02
   1.05594657e-02   1.95521414e-02   1.83885116e-02  -2.12406963e-02
  -8.35136417e-03  -5.12593100e-03   3.35226022e-02   5.76137193e-03
   2.91824937e-02   4.75464687e-02  -8.67241807e-03   3.54082100e-02
  -1.50808636e-02  -2.08752067e-03  -8.79080594e-03   5.98462857e-03
   2.73466725e-02   7.49625498e-03   1.08613987e-02  -2.68767960e-03
   1.39671080e-02   5.10018878e-03  -2.17553414e-02  -2.26151217e-02
   6.85925269e-03   7.96071440e-03   2.76380591e-02   3.81771550e-02
   1.06840748e-02  -3.00417021e-02  -5.42586297e-03   2.24816129e-02
   2.74840388e-02   1.85219999e-02   5.75037557e-04   2.20599212e-03
  -1.27883479e-02   1.60043431e-03   1.42016681e-02  -2.58270297e-02
   3.04537322e-02   1.52964564e-02  -1.60135236e-03   3.30105089e-02]"
../images/204-2002/image2.png,"[  4.00635079e-02   1.06300870e-02  -3.08230799e-02  -3.08795553e-02
   3.78571823e-03   2.96983086e-02   1.38048027e-02   9.67959128e-03
   5.73486984e-02  -2.09901333e-02   1.95292756e-02  -2.26994492e-02
   2.98035350e-02   4.44982946e-02  -4.18911800e-02   1.07494900e-02
   2.60323267e-02   2.20277105e-02  -1.08280424e-02   8.32359213e-03
   2.94354297e-02  -3.02951899e-03   1.15896016e-02  -1.24194976e-02
  -2.10869964e-02   1.73435849e-03  -7.80447479e-03  -7.38420710e-02
  -2.29874067e-02  -1.93411950e-04   2.61780433e-02  -8.47186148e-03
  -8.51589534e-03   3.35093774e-02   1.97039209e-02   4.25290018e-02
  -3.53897214e-02  -9.04361624e-03  -6.02374263e-02   1.70432441e-02
   3.78504172e-02   5.35877049e-03   1.42094111e-02   1.24505637e-02
  -1.59281995e-02  -3.23221311e-02  -3.07004023e-02   2.83315405e-02
  -3.60979773e-02   3.38380709e-02  -3.55917811e-02   1.46945487e-04
   1.11203669e-02   2.75863311e-03  -1.97769925e-02  -1.44742476e-02
   3.22661661e-02  -2.64853444e-02  -1.71723519e-03   1.83638167e-02
   5.35559468e-02   1.92939527e-02  -4.82472777e-02   1.54917240e-02
   1.77595322e-03  -2.37361416e-02   1.54122086e-02  -3.06238569e-02
  -3.84253003e-02   9.90838557e-03   3.97520103e-02   1.73876118e-02
   1.13700582e-02   3.52439135e-02  -1.26258973e-02   2.14475137e-03
   3.59799061e-03   1.48044759e-03  -1.99867655e-02  -2.64727157e-02
   3.35029960e-02  -2.88041495e-02   9.50447097e-03  -2.21853480e-02
  -3.73166874e-02   2.27535013e-02  -7.77987344e-03   1.79867614e-02
  -7.74150807e-03  -7.23755220e-05   1.93963367e-02   1.87202934e-02
  -2.43271850e-02  -5.38471602e-02  -2.79365596e-03   1.85734294e-02
  -3.80116291e-02  -5.11490442e-02  -3.24841104e-02   3.83805409e-02
  -4.39210944e-02   8.33870843e-03   6.31979853e-03  -9.62467957e-03
  -3.36510949e-02   4.87891063e-02  -6.66295178e-03   3.35698128e-02
  -2.86558084e-02  -1.69946393e-03   1.00402255e-02   1.56044271e-02
   1.37409354e-02  -5.96532458e-03  -7.02587701e-03  -3.89720201e-02
  -4.99462001e-02  -1.29028047e-02  -5.75544275e-02   3.01423278e-02
  -4.42238338e-02   1.94625538e-02   4.75249961e-02  -5.37165366e-02
   1.61583144e-02  -1.92034375e-02   3.74186598e-02  -3.97868571e-05]","[ -5.31847356e-03  -2.91867144e-02   1.15469843e-02  -2.12298650e-02
  -3.63597199e-02  -1.80223826e-02   2.05824040e-02  -1.65968724e-02
   5.56431804e-03   1.39504680e-02  -1.82468258e-02  -1.37729449e-02
   7.87951984e-03  -9.19889286e-03   5.13721351e-03   1.39738321e-02
   5.33311907e-03  -3.39773297e-02   2.82637961e-02  -2.91448794e-02
  -2.48719901e-02  -3.27082817e-03   1.81579939e-03  -1.12201273e-03
  -1.21375099e-02  -1.32735735e-02   3.69079388e-03  -2.02401187e-02
  -2.32643820e-03   1.38138095e-02   8.12917482e-03   1.07925339e-02
  -1.01388711e-02  -3.09151765e-02   3.29495519e-02  -3.41518084e-03
  -1.06148096e-02  -3.25614661e-02   1.43098121e-03   1.60009246e-02
  -1.56865232e-02   2.95984112e-02  -1.83417648e-02  -7.34354090e-03
   3.19042280e-02   1.87474824e-02   4.76598553e-03  -5.13744988e-02
   1.15483189e-02   3.19493003e-03  -1.02188829e-02   1.30453985e-03
   4.18805778e-02   2.14835294e-02   2.43459512e-02  -1.04745729e-02
   1.40214916e-02   1.38433175e-02   5.28986938e-03  -1.02549493e-02
   1.39617268e-03   6.18612813e-03   1.81952063e-02  -1.01819234e-02
   3.73903988e-03   8.51642154e-03  -2.89309472e-02   2.97303479e-02
  -4.22528163e-02  -3.07641714e-03  -1.04308259e-02  -5.98360412e-02
   1.60711464e-02   2.82668918e-02   1.91253573e-02  -1.70748457e-02
   2.87430659e-02  -3.15585919e-02  -1.79557130e-02   7.88058620e-03
  -4.57435520e-03   1.42917270e-02  -3.88026312e-02   1.44152064e-02
  -1.43122533e-02   2.66895667e-02   2.13385932e-02  -6.69450453e-03
   1.04292650e-02   1.99004188e-02   1.20675871e-02  -2.79732645e-02
   2.71593686e-04   5.00167254e-03   2.11543292e-02   7.84578174e-03
  -2.82107946e-02  -1.50239486e-02  -5.93339233e-03  -2.49079335e-02
  -2.39139870e-02   3.37575041e-02   9.92882415e-05   4.49126363e-02
  -1.37889879e-02   2.27836170e-03  -9.72487032e-06  -1.01720821e-02
   4.37562503e-02  -8.72575957e-03   6.60926756e-03  -1.77335721e-02
   2.60658725e-03   1.42943896e-02   2.58317105e-02   4.67243255e-04
   1.10337455e-02  -2.16275244e-03   1.13340681e-02   1.63699163e-03
  -2.17893906e-02  -4.15576017e-03   7.80655118e-03   3.40421125e-02
   2.29003802e-02  -1.06502539e-02  -3.92443016e-02  -2.85575818e-02]"
../images/204-2002/image3.png,"[ 0.02403896 -0.03062632 -0.01319054 -0.02414639 -0.00465473  0.01476335
 -0.00535055 -0.01748731  0.03581776  0.03175598  0.01631879  0.00735246
 -0.00386877 -0.04491157 -0.03128662  0.02648775  0.01436941  0.00592976
  0.00943278  0.03904898 -0.01212649  0.05374625 -0.00433359  0.00613233
  0.04651308 -0.00793663 -0.01627199  0.01667779  0.03998317  0.01833999
  0.05244577 -0.00662647 -0.02204084 -0.00366453  0.02093274  0.0146904
  0.00560805  0.00130549  0.00283226  0.04401488 -0.0082238  -0.03102863
  0.01598959 -0.05934927 -0.06740418  0.01394406 -0.02100691 -0.01796916
  0.06273581 -0.0566804  -0.05153864  0.02000473  0.0442914  -0.02355682
  0.02402945 -0.01008666 -0.05114215 -0.03077628  0.02204926 -0.03592322
  0.0169111  -0.02183136  0.00203846 -0.02469644 -0.01434407 -0.00078453
 -0.03055099  0.0228501  -0.05860365 -0.03226669  0.03694097  0.03407551
 -0.01148137 -0.00762206  0.05891254  0.01199916 -0.00924913 -0.00306637
 -0.00316652 -0.01846381 -0.01425453  0.0531651   0.03062856 -0.00937513
 -0.00099409 -0.00206015 -0.01345861  0.0426194  -0.02661306 -0.01844376
  0.01594304 -0.0435943   0.03144093  0.02580459 -0.0288532   0.04068382
 -0.00316701 -0.00034818  0.00268406  0.01556088 -0.02180653  0.02433984
 -0.04660097 -0.0250695   0.00788562 -0.04456964 -0.0216187   0.03551525
  0.06595788  0.01093187 -0.00674865  0.00916761 -0.00282614  0.02283322
 -0.00657285 -0.01031859 -0.02934607  0.06194627  0.00725106  0.010429
 -0.02707506 -0.00859736  0.02634151  0.01228367 -0.00140955 -0.01252163
 -0.01226526 -0.04695512]","[  3.97313498e-02  -4.19509597e-02  -4.68704887e-02   1.73080638e-02
  -9.87847336e-03   1.99179035e-02  -4.14974615e-03  -1.36892693e-02
   6.50395500e-03   3.04450113e-02   3.79601493e-02  -3.64940315e-02
   3.18965781e-03  -1.05421459e-02   2.03390177e-02   1.06425658e-02
  -1.66526623e-02   3.80381159e-02  -1.55810844e-02   1.27515113e-02
   1.52109861e-02   1.64761674e-02   4.46866732e-03   1.87090281e-02
  -3.09941731e-02   3.48420553e-02   1.58146932e-03   2.09901463e-02
   9.32093617e-03  -6.91500725e-03   8.83735158e-03   1.21411849e-02
   2.03014854e-02  -5.62486984e-02   5.39674517e-03   1.81141011e-02
   1.15636028e-02  -2.82552070e-03   1.84966139e-02  -1.87556036e-02
  -9.43681598e-03  -6.79086149e-03  -5.26122469e-03  -3.55554442e-03
  -9.23699234e-03   7.61183212e-04   1.40764741e-02  -1.66552458e-02
  -1.98108368e-02   2.71208286e-02   3.28356028e-02  -3.35022472e-02
  -1.00100404e-02  -2.59494167e-02   1.42585514e-02   2.62194313e-02
   3.72070149e-02   6.97759911e-03   1.26721133e-02   5.51690813e-04
   1.26870181e-02  -5.14706224e-03   1.92112084e-02   4.13076999e-03
  -1.09119592e-02   4.77860384e-02   8.13574530e-03   2.16295067e-02
  -6.07156428e-04   1.10476557e-02   1.84982922e-02  -2.81528733e-03
  -2.95099840e-02  -1.94676369e-02  -1.35142554e-03   1.02150561e-02
   8.11489765e-03  -1.16774309e-02   9.29012615e-03   5.49895340e-05
   2.37104520e-02  -1.84539650e-02  -9.90393199e-03   3.58717404e-02
   2.23202873e-02  -5.87962475e-03  -5.55837946e-03   1.65949494e-03
  -1.90692991e-02   3.73201747e-03   2.64076274e-02  -1.51463896e-02
   1.76926777e-02   5.73551841e-03   2.67288648e-02   3.63387214e-03
  -1.12828556e-02   1.25788560e-04  -6.74295379e-03  -3.56701426e-02
  -3.92350368e-02  -4.83280011e-02  -2.99832001e-02  -8.02309159e-03
  -5.94209842e-02  -1.24540208e-02   2.71388963e-02  -4.43429872e-02
  -2.76654251e-02  -8.54367018e-03  -3.83420847e-03  -2.38627149e-03
  -1.52149526e-02  -2.29778960e-02  -1.12035535e-02  -3.62714119e-02
   1.43858595e-02  -1.03879459e-02   2.47009117e-02   2.62216181e-02
   4.45773788e-02   2.73484383e-02   4.05799504e-03   9.86022875e-03
  -3.88613157e-02   1.33388089e-02  -1.59894191e-02  -1.81007059e-03]"
../images/204-2002/image1.png,"[ -2.27268990e-02  -2.03528069e-02   9.57426801e-03  -2.67466926e-03
   2.48739915e-03  -1.63184069e-02   2.85002496e-02   1.33270817e-03
  -1.98434293e-02  -2.96807699e-02  -1.87126547e-02   3.06436662e-02
  -1.12036141e-02  -9.67717823e-03   4.40130569e-02  -3.23846377e-02
   7.61842206e-02  -1.72834545e-02   8.04209523e-03   1.87334232e-02
   5.17078117e-02   1.49943419e-02  -3.38595151e-03  -1.98336318e-02
  -6.57097101e-02   4.24961094e-03   3.30808200e-02   3.57481167e-02
  -3.37518379e-02   5.37363738e-02  -3.68830040e-02   1.45609379e-02
  -1.17987758e-02  -2.02912614e-02  -1.34124653e-02   5.20261936e-03
  -1.95219181e-05   3.83249228e-03   2.14329362e-02   1.88187975e-02
  -1.08869290e-02  -3.33006755e-02   3.83851142e-03  -8.26407596e-03
   1.08794924e-02  -3.67325619e-02  -3.17528360e-02  -1.10869510e-02
   2.88247131e-02   3.41064334e-02   1.72592383e-02   1.15735466e-02
  -4.56401845e-03   1.22304503e-02  -8.86209775e-03  -2.17198282e-02
  -3.63533460e-02   2.41735373e-02  -3.29960287e-02  -3.57399918e-02
   5.52706793e-02   1.78050809e-02   6.30839169e-02   4.56069447e-02
  -3.87017690e-02   6.39137672e-03  -1.19315553e-02  -4.07484658e-02
   1.90718099e-02  -4.49922644e-02  -5.75024970e-02  -2.48805936e-02
  -1.53966127e-02  -3.25643495e-02   2.28940672e-03   2.42692232e-02
   2.29089689e-02  -1.94342416e-02   2.23824494e-02  -1.36232572e-02
   7.60791637e-03   1.56981628e-02  -2.83507090e-02  -1.96013413e-02
   3.26177627e-02   1.10086929e-02   3.79628167e-02   5.63218296e-02
   3.58149074e-02   1.72315836e-02   1.34504708e-02   1.54091306e-02
  -2.73180027e-02   2.43862276e-03  -6.84824074e-04   3.63975437e-03
  -2.40173973e-02   4.70261741e-03   4.80701849e-02   5.30740013e-03
  -3.29712294e-02   3.64820585e-02   3.76851670e-03   1.58605073e-02
  -2.43653543e-02   1.02835624e-02   1.37678683e-02  -1.14632188e-03
  -1.19206775e-03   3.31365061e-03   2.03125756e-02  -8.55520833e-03
  -3.21726687e-02  -1.16450805e-02   1.86941121e-02  -2.73788143e-02
   1.30485659e-02   7.45803351e-03  -6.66897222e-02   1.78324692e-02
   1.11671519e-02   4.43872437e-03  -8.37582862e-04   2.41337530e-03
  -2.12151930e-02  -8.56480282e-03   2.01193094e-02   5.97036555e-02]","[-0.03230442  0.00402251 -0.00912664  0.02133275  0.01913662 -0.0060775
 -0.01438958 -0.01652701  0.03570446 -0.0182333  -0.01508904 -0.00340485
  0.01799773  0.05475612  0.00676511 -0.01082024  0.01151966  0.03731498
 -0.0186503   0.02362317  0.01469078 -0.0154717  -0.03230514 -0.00294336
 -0.04248953  0.04244269 -0.02835321  0.02257886 -0.01465137 -0.00655072
 -0.00445956 -0.014966    0.03383234  0.01010397  0.02866727  0.03591695
 -0.01820058  0.01979812  0.03483194 -0.02575688  0.025788   -0.01062391
  0.0329297  -0.00599842  0.02316944 -0.01932418 -0.01237241  0.01632869
 -0.02387037 -0.01371231 -0.0124047   0.00601182  0.02296475  0.00303846
 -0.00578309  0.03752228  0.00673625 -0.01572189 -0.03302226 -0.00899907
  0.02126554 -0.008664    0.04504515  0.03153799 -0.02306116  0.01477157
 -0.01177759 -0.0093706  -0.00289886 -0.00865493 -0.01502787  0.02451951
 -0.02026753 -0.02966824  0.03156319 -0.04545492 -0.00483361  0.03205035
 -0.00125654 -0.00224694  0.01027518 -0.00252684  0.01094518  0.02909637
 -0.0172777   0.02280506  0.01029141 -0.01289749 -0.00594642 -0.00120193
 -0.0087591   0.04278664  0.00933273  0.01391742 -0.01130361 -0.01800074
 -0.05081377  0.01148559 -0.03435377 -0.03360464  0.01763465  0.02495266
  0.02679924 -0.01370665 -0.01181707 -0.00619525 -0.01057708 -0.00756042
  0.01424126  0.00169751 -0.01011586  0.00946089 -0.00197857 -0.02882732
 -0.04849746  0.00374456 -0.00867725 -0.0067832   0.02808856  0.02431177
 -0.04195207 -0.02833491  0.02901572 -0.02871774 -0.011709    0.00156786
 -0.01719905  0.00898007]"
../images/10029-1738/image6.png,"[ -3.63184474e-02   1.98145993e-02  -3.05611696e-02   1.34606520e-02
   1.89680904e-02   1.49648553e-02  -2.37684250e-02  -2.42540729e-03
   7.91836716e-03   2.99103577e-02   5.16045429e-02   2.63094399e-02
  -3.86348553e-03   4.14979085e-02  -6.00146875e-03  -1.56766158e-02
  -3.08583546e-02   3.95038119e-03   8.74302350e-05  -4.14317362e-02
  -1.62372505e-03  -2.97231674e-02  -5.26405796e-02  -8.80337134e-03
   2.93457638e-02   3.01997140e-02   6.51276624e-03   1.75358250e-03
   1.13813402e-02  -3.09014954e-02  -3.07885334e-02   6.90812021e-02
   2.58778874e-03  -9.44688357e-03   1.80379003e-02   2.83989497e-03
  -3.12594026e-02  -6.58112839e-02  -3.65184434e-02   1.42621866e-03
   1.02121737e-02  -4.46934365e-02   2.90419464e-03   1.07520139e-02
  -2.48718075e-02  -5.79105644e-03  -4.19085361e-02  -3.08278133e-03
   4.94323894e-02   1.26559045e-02  -3.36974650e-03   2.74347384e-02
   1.44732231e-02   7.27344863e-03   2.38540992e-02  -7.00464100e-03
   2.20791884e-02  -1.30022839e-02  -1.63778104e-02   1.88633357e-03
  -1.98709108e-02  -1.79806054e-02  -8.66640266e-03   3.42296287e-02
  -4.83556166e-02   1.16743194e-02  -7.00602606e-02   1.63693875e-02
  -1.49858538e-02  -1.35378186e-02  -1.54077290e-02  -1.08052855e-02
  -5.19144461e-02  -9.85730719e-03  -3.52767669e-02  -4.89842296e-02
  -2.79023009e-03   6.11991109e-03  -2.52341889e-02   2.78645642e-02
  -3.36840674e-02   1.36452438e-02   1.88846607e-02  -3.65869813e-02
   2.80901771e-02   3.45048308e-03   1.15225343e-02  -1.94199700e-02
   6.10609464e-02   2.98071411e-02  -9.31235310e-03  -2.84015182e-02
   1.61046814e-02   3.29732560e-02  -3.60789634e-02   6.17994554e-03
  -1.39710316e-02   2.51248144e-02   2.79812794e-02  -1.17535703e-02
   7.80353975e-03  -3.48216528e-03  -3.87022682e-02  -2.85429023e-02
   1.71944275e-02   1.01128984e-02  -1.15103964e-02   1.81266516e-02
  -2.64509004e-02  -8.86756089e-03   2.30482072e-02   2.68429853e-02
   3.75487953e-02  -5.79176052e-03  -2.04242356e-02   1.89275797e-02
   3.60859819e-02  -1.11137535e-02  -2.19804700e-04  -6.28349651e-03
  -4.18808199e-02  -7.41235912e-03   5.27507579e-03  -1.97304384e-04
   2.64322152e-04   3.79238799e-02   5.83562069e-04   1.89043637e-02]","[-0.03674538 -0.01333123  0.00168054 -0.01804291 -0.01359781  0.02752024
 -0.04812184 -0.02995726 -0.02408617  0.02203799 -0.01963195 -0.02627318
 -0.02618159 -0.02721363 -0.04832498  0.01773436 -0.02771275  0.01912528
 -0.04529108 -0.01298291  0.01623467  0.02220267 -0.01222766  0.0198874
  0.05230747 -0.00756002 -0.01453439  0.00836347  0.02025062  0.02310269
  0.03722082 -0.00033543 -0.00889544  0.0646105   0.00866085 -0.00536002
  0.00270674 -0.04790975 -0.01278152  0.00415405 -0.00275384  0.02182741
 -0.00018662  0.01171818 -0.03895997  0.00030484 -0.03865157 -0.02077587
 -0.01769921  0.05823468  0.00324705 -0.03082694  0.01159149 -0.02755617
  0.00515829 -0.01396743 -0.01961927  0.02174395 -0.00312599 -0.04486222
  0.04920333 -0.04744894  0.03888756 -0.02292781 -0.01064035  0.00202875
 -0.00314362  0.01278612 -0.01427667 -0.0245017   0.01757368  0.02577569
  0.02930589  0.04102295  0.01074203  0.00907799  0.00765404 -0.02867411
 -0.0445917  -0.01670014  0.01353356 -0.01588466  0.03160828 -0.00567905
  0.02659541 -0.00581634  0.01699805 -0.01691519 -0.01666818 -0.01682295
 -0.03712251 -0.02530196  0.02579872 -0.00649401  0.02590645 -0.01084225
 -0.02701491  0.00405298 -0.04316963  0.0004636   0.01781024  0.03672671
  0.03046329 -0.00339989  0.02736716  0.00828006 -0.01141082 -0.0489013
 -0.0200452   0.03353067 -0.01510283 -0.01744281  0.03657567 -0.04194401
 -0.02540595 -0.01395644  0.00082127  0.03281153  0.03024418  0.00994423
 -0.00901006  0.02835004  0.02793791 -0.00899415  0.00025295  0.00276648
  0.02860591  0.0118963 ]"
../images/10029-1738/image2.jpeg,"[  1.33402012e-02   2.47810390e-02  -2.39764224e-03  -7.27462629e-03
  -4.08976775e-04   8.72900942e-04  -4.13063578e-02  -3.65843922e-02
  -2.05819327e-02  -1.43531524e-02  -3.67491953e-02   3.23077552e-02
   9.16767307e-03   6.13251748e-03   5.35366475e-04  -8.82484019e-03
   1.18113998e-02  -4.46965955e-02   1.59814507e-02  -1.40563063e-02
  -2.67488882e-02  -7.42934272e-02  -1.65449716e-02   2.13738810e-02
   3.50898467e-02   1.55125018e-02  -4.57587242e-02   4.85918950e-03
  -3.83523405e-02   4.54786196e-02  -1.87011785e-03  -1.08416881e-02
  -4.14752476e-02   2.89200004e-02   2.03506276e-02   3.15607600e-02
   6.12029107e-05  -2.21851636e-02   1.02558425e-02  -3.96870598e-02
  -2.34723277e-02   1.70307048e-03   6.80242153e-03  -2.90369913e-02
  -1.68799460e-02  -9.00476705e-03   5.53993462e-03   4.56022918e-02
   2.72614937e-02   3.80866639e-02   2.51208395e-02  -4.07284535e-02
   1.62618272e-02  -2.22949442e-02   7.23904073e-02   5.71352197e-03
  -1.81304757e-02   3.12028662e-03  -1.29945148e-02   1.09537290e-02
   3.24582048e-02  -7.50771398e-03  -7.36286864e-04   1.35136526e-02
  -9.03056189e-03   4.66721021e-02  -3.69258109e-04  -3.61320600e-02
  -1.65736843e-02   1.22848554e-02   8.42114165e-03   4.78429254e-03
  -5.36429416e-03  -8.81106965e-03  -3.14917341e-02   3.35137770e-02
  -2.41364893e-02   3.54529843e-02  -4.20548953e-02   2.71270126e-02
  -4.30057803e-03   3.67854200e-02   7.16911675e-03  -1.28719620e-02
  -4.39746864e-02   2.64324956e-02  -2.44139042e-02   5.35109155e-02
   2.88010538e-02  -7.11663067e-03  -3.34189497e-02  -1.61780827e-02
  -1.62852891e-02  -1.26627944e-02  -2.29134839e-02   7.57660251e-04
   2.01362502e-02   2.74854191e-02   2.20537111e-02  -3.28942984e-02
   5.03316615e-03   2.57759541e-02   4.21260744e-02   1.24580832e-02
   4.37511988e-02   5.51572740e-02   5.07431366e-02   4.26678639e-03
  -3.48295085e-02  -5.72507903e-02  -1.43805910e-02  -2.22997647e-02
   4.63933125e-02  -2.96242479e-02   1.60854645e-02   2.64945850e-02
   3.56891076e-04   2.12685615e-02  -4.63890377e-03  -5.05616609e-03
   1.87765178e-03   1.23962364e-03  -2.24558432e-02  -5.93372919e-02
   7.79962866e-04   9.73833073e-03   1.18560027e-02  -1.38538796e-02]","[ -2.75198780e-02  -1.91775896e-02  -1.59117635e-02   5.07881306e-03
   4.86709811e-02   8.29609856e-03   1.57352835e-02   9.02904943e-03
   3.04178894e-02  -2.15202663e-02   3.79784848e-03  -3.57339229e-03
  -1.81905180e-02   1.40688603e-03   2.26036534e-02   8.38898064e-04
   8.43459088e-03  -1.34400195e-02  -2.27175076e-02   9.52131208e-03
  -4.32663551e-03   5.95012903e-02  -1.73346773e-02  -1.26840221e-02
   1.60528384e-02   3.91297005e-02   1.79782081e-02   3.04683223e-02
  -2.24653035e-02   1.22947106e-02  -1.86073314e-02  -1.71101782e-02
  -1.30315358e-02   2.68682763e-02   8.25480465e-03  -1.59352887e-02
   1.87010374e-02   1.63335670e-02   3.86856981e-02  -6.28337730e-03
  -3.17901326e-03   4.14019963e-03  -2.90861912e-02   1.65091287e-02
  -1.86506398e-02   1.16582615e-02  -2.09960272e-03  -1.07894633e-02
   2.55772565e-02   3.28917266e-03  -7.06344191e-03  -1.15754651e-02
   1.16830571e-02   1.55030861e-02   8.52810219e-03   1.48793012e-02
  -8.35284870e-03   1.53619219e-02   3.15631106e-02   1.60144065e-02
   4.82756586e-05   4.59687272e-03   3.07888724e-02   1.37409838e-02
  -4.24192809e-02  -4.38956264e-03  -2.88799200e-02  -3.33406180e-02
   1.89606361e-02   1.12670260e-02   2.23341472e-02  -1.62886363e-03
  -3.66231473e-03   6.22955791e-04   3.75284292e-02  -2.66840532e-02
   3.65071511e-03  -1.44337928e-02   5.83209796e-03   1.41893094e-03
   8.49422067e-03  -3.22083780e-03  -8.35338887e-03   2.87135951e-02
  -3.55335772e-02   2.20982567e-03   2.32749637e-02  -1.35171907e-02
   2.23314520e-02   1.47603322e-02  -1.30217643e-02   2.55150516e-02
   2.43331976e-02   4.88855056e-02   5.74408378e-03   1.63397491e-02
  -4.39415593e-03  -5.35436254e-03  -4.53217253e-02  -6.90917543e-04
   1.53865740e-02  -1.05018253e-02  -9.00044746e-04  -3.59255448e-02
   1.93975233e-02  -1.41187776e-02  -2.46165618e-02  -2.21528411e-02
  -1.60383154e-02   1.02878537e-03   4.35311534e-03  -5.24996780e-03
  -1.72755104e-02   1.26822265e-02   1.07938163e-02   3.13799363e-03
  -4.72841971e-02  -8.68932344e-03  -6.12055743e-03  -1.50652789e-02
   9.12421010e-03   1.98976304e-02   2.73434147e-02   9.43848025e-03
   2.56506726e-02   1.82163734e-02   1.01216771e-02   2.75978632e-03]"
../images/10029-1738/image8.png,"[ 0.00024864  0.03357096 -0.01125349  0.00131541  0.05691439 -0.00509259
 -0.01411916 -0.00241092 -0.00972709 -0.04374316 -0.01821725 -0.01564531
 -0.00314236 -0.01194171 -0.00986882  0.04368738 -0.00513354  0.01669519
 -0.0558128   0.07801349  0.02862384  0.00550463 -0.00128133 -0.01964259
  0.00545143  0.01600683  0.01064367  0.01634589  0.02644683  0.07884577
 -0.0017996   0.01588696  0.02485644 -0.03525034 -0.02961215 -0.03547703
  0.04256333  0.03395602  0.00923194 -0.02921479 -0.01595589 -0.02048146
 -0.01364395  0.02998401 -0.00924342 -0.00609534 -0.03990108  0.0065628
 -0.03868274  0.04169212  0.02470001  0.01405499  0.0098593   0.02345603
 -0.00989513  0.03122028 -0.01138421 -0.01610916  0.02272169 -0.0262808
  0.00037919  0.02416669 -0.01907074 -0.01066855 -0.0264167   0.02793644
 -0.0273507  -0.02329829  0.05436455  0.01139249 -0.00778513  0.01096773
 -0.01308934  0.00724886  0.01743907  0.02091529 -0.05990012  0.01257622
  0.00431291  0.02397898 -0.00757686 -0.00790378  0.0138807  -0.01336289
 -0.00657904  0.04211826 -0.01978462  0.0098747   0.00329231  0.01834931
  0.00944897  0.00650181 -0.01421585 -0.03353855  0.01724922 -0.0106475
 -0.00591068  0.04922916 -0.03142508 -0.00897804 -0.03702051  0.0428813
 -0.00039172  0.02826313  0.01678481 -0.02737838  0.0316731   0.0121619
  0.02359379  0.03048743 -0.04049791 -0.03437052  0.01580695  0.00437915
 -0.01863567 -0.02095152 -0.01514214  0.04375253 -0.03201019 -0.0247231
  0.05575315  0.00243873 -0.05523304  0.02087492  0.01675148 -0.01078111
 -0.03924026  0.01171804]","[ 0.00324196 -0.03797834 -0.0227505  -0.0084135  -0.00759604 -0.05949099
  0.01544576  0.00114237 -0.01532968  0.03460593  0.00784097 -0.02584155
 -0.00552263 -0.01110273  0.00029546  0.0048751   0.00062564  0.0154731
  0.04854216 -0.01857982  0.01601584  0.02820411 -0.00608116  0.0040748
 -0.00377565  0.05284497  0.00026346 -0.00533446  0.00906797 -0.01347159
 -0.04075706  0.01661986 -0.00874611 -0.00883626  0.00575483  0.00435759
 -0.00103936 -0.02704522 -0.00772056  0.00702698 -0.02141728  0.03438077
 -0.06490857 -0.01883791  0.01329673  0.0204128  -0.01571998  0.04514143
  0.00348721 -0.00848069  0.01562342  0.01654715 -0.01289721  0.00800459
  0.01417022  0.02081115 -0.00333205  0.02415907  0.02067326 -0.03153538
 -0.02325069 -0.00511927 -0.00780543 -0.00442543 -0.0625983   0.00693163
 -0.01663521 -0.02185334  0.03218503 -0.02189114 -0.03770056 -0.01892754
  0.0341646  -0.04119227 -0.02806269 -0.02662218  0.01880631 -0.02383823
 -0.01120988  0.04668097  0.02457816 -0.01016413 -0.00897329 -0.00532937
  0.05199307  0.01800819  0.02619856 -0.03950605  0.04253371 -0.00052658
  0.01115051  0.05227477  0.01687568 -0.04346836  0.0489216  -0.02658885
 -0.03712218  0.00342523  0.02501817  0.00414463  0.02462848 -0.00665919
 -0.00019226 -0.01629565  0.01157293  0.00580513  0.0059635   0.00468335
  0.0164227  -0.06117608 -0.01544385  0.03050988  0.03280016  0.02425338
  0.00647622 -0.04581255 -0.0321788   0.00589441  0.00244314 -0.00517303
  0.00085328  0.01177416  0.02461928 -0.02084373 -0.04152047 -0.00589191
 -0.02247563 -0.03680483]"
../images/10029-1738/image5.jpeg,"[ 0.04018843 -0.01099667  0.04313541  0.01623206  0.02893624  0.0158545
  0.03609939  0.08565791 -0.0197864   0.05205307 -0.00527966 -0.02375994
  0.03423825 -0.04155308 -0.00057687  0.02256127 -0.03120898  0.00808803
 -0.02103091  0.00611181  0.00780931 -0.02155345  0.01995245  0.01427741
  0.01018634  0.00625133 -0.01309887  0.01968194 -0.00052086  0.01358649
  0.00093223 -0.02242424  0.03385654 -0.00616575  0.04204061 -0.0018011
  0.00832519 -0.00761699  0.01408494 -0.04849241 -0.00865324 -0.00830485
  0.06174569 -0.0200932   0.00751053 -0.01486709 -0.00235291  0.02056146
  0.00496669  0.03018135  0.01533164  0.00769027 -0.02079768  0.04412917
 -0.01650286 -0.0360771   0.02440885 -0.03534856  0.01806787  0.00439895
  0.00787166 -0.02024915 -0.03484046 -0.03568559 -0.02580329 -0.00583227
 -0.02388946  0.0417381  -0.0377454  -0.03271379  0.00108251 -0.01971677
 -0.00459093 -0.01568461  0.0501336  -0.00128427  0.01631451  0.01147138
  0.04441987 -0.01880156  0.02105547 -0.0057866   0.02265717  0.03434911
 -0.03403328  0.00231942 -0.00230506 -0.01293737  0.00657185 -0.008618
 -0.00058675 -0.00660696 -0.00110174  0.01317572  0.00145626 -0.00044338
  0.01724201  0.00579611  0.00718424  0.04336627 -0.00718122  0.04187884
 -0.01779435  0.00307103  0.00133945  0.02588385  0.00602881 -0.01139711
 -0.01382171 -0.03708864 -0.00434932  0.02030769  0.00043974 -0.03398712
  0.03352056  0.01722435  0.03560201 -0.00122732  0.01238014 -0.01939587
  0.0279466   0.00260255 -0.01497995 -0.01477809  0.02391972  0.03466502
 -0.01651855 -0.0584911 ]","[ -8.35675653e-03  -6.23418996e-03  -2.05931142e-02   2.35204734e-02
   8.79597571e-03   3.38938646e-02  -2.30073789e-03  -4.74976550e-04
   1.70982871e-02  -3.60173895e-03  -3.00869439e-02  -1.24053378e-03
   3.57536450e-02   8.67573917e-03   2.09388230e-02   3.00155953e-02
   1.94419902e-02   4.18081973e-03   1.59690939e-02  -1.95695460e-02
  -2.50639860e-02   2.04623230e-02   4.52814251e-02   1.55143598e-02
  -8.42804927e-03  -8.19818676e-03  -2.13547591e-02   1.41075691e-02
  -1.46629894e-02  -2.18271464e-02   5.61366836e-03   3.50635359e-03
  -2.24488936e-02   2.15863716e-02  -1.24392873e-02   5.83576644e-03
   2.15896200e-02   5.30970953e-02  -7.97103276e-05  -4.03495282e-02
   8.55066907e-03  -1.78159401e-02   7.05084205e-03   9.70766938e-04
  -5.65030333e-03  -2.36632135e-02   2.38121636e-02  -1.47972703e-02
  -2.50570979e-02  -3.36409430e-03  -1.47941327e-02  -2.20854431e-02
  -8.09164718e-03   5.32459375e-03  -2.39416156e-02  -1.50401359e-02
   4.77484316e-02   2.37426329e-02   2.58857645e-02  -2.83359792e-02
   1.98511058e-03   9.32543632e-03  -4.10106070e-02   1.38607519e-02
  -9.51017905e-03   1.53641123e-02   1.10008297e-02   2.75160298e-02
   1.59540796e-03  -1.74057931e-02  -4.34741452e-02   2.71703452e-02
  -8.11933819e-03  -1.68479402e-02  -3.55109088e-02   3.94577160e-02
   2.47496255e-02   2.90648770e-02  -2.34630052e-02   6.65186532e-03
  -3.83393206e-02  -6.89497683e-03   1.85381621e-04   1.28550753e-02
   2.97418367e-02  -7.72080757e-03  -3.11846118e-02   1.54415118e-02
   1.99794378e-02  -2.26719100e-02  -1.39682787e-02   3.04199252e-02
  -1.88060291e-02  -1.25492448e-02  -2.17012633e-02  -3.84058058e-02
   2.55180448e-02  -4.77072746e-02  -7.50155980e-03   2.37939507e-02
   1.60889234e-02   1.39993364e-02  -1.67059023e-02  -1.65057667e-02
  -1.13042584e-02  -6.69441186e-03  -1.86814498e-02   3.22130206e-03
   1.32857906e-02  -9.35370661e-03  -1.06580034e-02  -2.02863421e-02
  -2.40508541e-02  -2.98946425e-02  -3.11928205e-02  -3.25125530e-02
   4.35601221e-03  -1.19810235e-02   5.71246119e-03  -6.05509728e-02
  -6.62299991e-03   1.62867401e-02  -1.79657880e-02  -1.25456378e-02
  -2.00631320e-02   2.52956478e-03   1.10027790e-02   5.39035210e-03]"
../images/10029-1738/image3.png,"[ 0.02802797 -0.04601329  0.02250152  0.01040555  0.01044184  0.07218972
  0.01663059 -0.02705438  0.01367473 -0.00376193  0.04303128  0.01496332
 -0.02179457 -0.03080155 -0.00667854 -0.03098783 -0.05651271  0.01049276
 -0.00752902 -0.02754724  0.02603366 -0.01517042 -0.04818043  0.04327892
  0.01917122  0.01545871  0.0391665  -0.00064885 -0.00612703  0.00411797
 -0.01518639  0.0099706  -0.02100951 -0.03801987 -0.01290586 -0.01364127
 -0.01247573  0.01156447 -0.00032124  0.05299259  0.00542977 -0.01985897
  0.01884156 -0.02392595  0.02662446  0.0422961   0.01656113  0.01124218
 -0.02888656 -0.00381177 -0.01256095 -0.03494351 -0.00105687  0.02303918
  0.01612555 -0.00206518  0.03391777  0.00236509 -0.0201152  -0.0663422
  0.02101223 -0.00478474  0.02041675  0.02845944  0.03204498 -0.04217274
 -0.05621206  0.0114872  -0.01915981  0.01137886  0.02466525  0.05901437
 -0.00710507 -0.05042299 -0.01007298  0.00420355  0.02560428 -0.019534
  0.02003491 -0.00451538 -0.00477373  0.01241486  0.04651566  0.01700133
 -0.02455433 -0.01002197 -0.01303648 -0.0091191   0.00619721  0.01400743
  0.03193619 -0.01452118 -0.00569731 -0.0412859   0.00103473 -0.00120806
  0.02386699  0.05469275  0.04079974 -0.01851812 -0.02239924 -0.02814995
  0.00073699  0.03289451  0.00697908  0.02829316 -0.03592591  0.01129052
 -0.0290631   0.00377666 -0.00149037 -0.02861024  0.06515931  0.03579736
  0.03526375 -0.02368739  0.00705315 -0.0199966   0.06653269 -0.04232931
 -0.00155325 -0.02385415 -0.00660285  0.01775946 -0.01181986 -0.01632589
  0.00512037  0.05869831]","[-0.03105339  0.00552484 -0.04589983  0.00544765 -0.01517647 -0.02232513
  0.00525498  0.01032403  0.01051734 -0.00079642  0.00756381  0.02263944
 -0.04708092 -0.00803655  0.01340976  0.01432583  0.02868493 -0.00046245
 -0.02883452  0.03635796 -0.01284676 -0.02074232 -0.00343559 -0.00481743
  0.01072218 -0.00787166  0.0161432   0.04502787 -0.02771768  0.03051359
  0.04068399  0.02270521 -0.03101675 -0.01680932  0.00998242 -0.00170949
 -0.0044966  -0.00455235  0.00377472  0.02728197 -0.02551449 -0.0268574
  0.00475727  0.04101539  0.02145437 -0.01300479  0.00497031 -0.01202373
  0.02641722  0.0342692   0.01617651 -0.02228396 -0.02777861  0.01001704
  0.00305415  0.04958342  0.01121499  0.02100097  0.00244726 -0.01788523
  0.00383413  0.02110482 -0.02352575 -0.01405661 -0.00961052 -0.01653187
  0.00683732  0.02866623 -0.01252821 -0.00708103  0.0300218  -0.00671745
 -0.03968396  0.01269393 -0.00511547 -0.01861328 -0.00694874 -0.00439484
  0.01526078  0.01828272  0.01419488 -0.01179112 -0.00783575  0.01177227
  0.00864171  0.00162777 -0.0002712  -0.00314485 -0.02909541  0.01935012
 -0.00170517  0.02651157  0.00075577  0.01273782  0.00083919  0.02477967
  0.01915999  0.00336051 -0.00146997  0.00732634  0.00018713  0.00531702
  0.00658457 -0.00704677  0.00440545  0.03784701 -0.01516321  0.00585623
  0.00690739  0.00375594  0.00645909  0.0118504   0.01256555 -0.01561721
  0.01586802 -0.01008852 -0.03205908  0.00280744  0.00427158 -0.00195159
  0.01671129 -0.02270523 -0.03024837 -0.01212552  0.01083944  0.03896596
  0.0302423   0.03872009]"
../images/10029-1738/image4.png,"[-0.03448736  0.00968885 -0.00867738 -0.05228959 -0.00315278  0.00869228
 -0.01766271  0.04014465  0.03691982  0.03564022 -0.03173501  0.02313006
  0.02173765 -0.02438546 -0.00412474  0.00606226 -0.00119181  0.01089857
  0.02421942  0.02063472  0.02160287 -0.02827169 -0.01698019 -0.03685798
 -0.00728047  0.05332505  0.07426284 -0.04306985  0.01181555 -0.00128203
 -0.04640208 -0.03567183  0.00406548 -0.02370478  0.04971652 -0.0049904
 -0.00686698  0.00970359 -0.0045155   0.00838232  0.03292371  0.04337668
  0.01682149 -0.04826527 -0.03128411  0.02197396  0.01201663 -0.0567715
  0.00701299  0.01260456 -0.02093928 -0.02605014 -0.03499918  0.0119164
 -0.03323031  0.00235867 -0.06947357 -0.01464261  0.00724943 -0.01078616
  0.02149762 -0.03959325  0.02980859  0.01500356  0.00313193 -0.04744216
 -0.05237217 -0.0187395  -0.01240941 -0.02629045  0.02366981 -0.00516646
 -0.01530563 -0.0079459   0.02545451  0.02186087  0.04300704 -0.04260187
  0.01982404  0.00650117 -0.00964744 -0.02327071 -0.03275741  0.03651072
 -0.00097651  0.01984805  0.01317427  0.01784836 -0.01293679 -0.0147689
 -0.00177279  0.02249778  0.03471618 -0.01156813 -0.00197183 -0.00054872
 -0.03923329  0.01972057  0.04837229  0.02071576  0.07226902 -0.04882677
 -0.00115775 -0.00658389  0.04785188 -0.01093652 -0.00903645  0.00696454
  0.00352236 -0.01369743  0.03991862  0.01237915  0.05302586 -0.03059115
 -0.04012805  0.04323952 -0.04976667  0.00467615 -0.01873603  0.03531757
  0.00573067 -0.03116064 -0.0178546   0.03450919  0.01512046  0.02728299
 -0.00544397 -0.05562709]","[-0.00279537  0.0681764  -0.00733014  0.01824916  0.04626348 -0.02073437
  0.01853355  0.00883174 -0.01923843  0.02438231  0.01605679 -0.00253888
  0.02105696 -0.03560373  0.01681529 -0.00789721 -0.00385331 -0.04349785
 -0.00668523  0.00806749  0.03385444  0.01243176 -0.00509573 -0.02367923
 -0.03915534 -0.00230662 -0.01174428  0.01769808 -0.01753086  0.03795258
 -0.00239539  0.0103391   0.01443242  0.00330446  0.0208072   0.01158942
 -0.01229438  0.03988342 -0.02159568 -0.01094772  0.00447784 -0.01361642
 -0.01303944  0.02345259 -0.00847106  0.01719999  0.0112787   0.01093466
 -0.03597157 -0.02587995 -0.00829102 -0.02871833  0.03551783  0.01149813
  0.02472767 -0.03099659  0.00465946 -0.00599394  0.02641835  0.01438664
  0.00324411 -0.00735415  0.01436135  0.00678546 -0.0090447   0.00381759
 -0.00662884  0.03066202  0.00700034 -0.02671762 -0.0023665  -0.03709577
  0.02385184  0.03014074 -0.04219318  0.00019302 -0.03335051  0.00769276
  0.00096404 -0.01895612  0.04815556 -0.01441265 -0.00429563 -0.00055229
  0.02624833  0.00572803 -0.00238209  0.00802836 -0.00222696 -0.00956799
 -0.0150114  -0.0050315  -0.04069804 -0.01839369 -0.01386993  0.0218277
 -0.03154175  0.00209384 -0.03115749  0.05239496 -0.02005197  0.02086012
  0.00020424  0.00427455  0.02636546  0.00036656 -0.03880463  0.00827991
 -0.01475312  0.00766536 -0.02052859  0.02493014  0.00787784  0.00855422
 -0.00827148 -0.00242452  0.03225159 -0.03789297 -0.01355173  0.03739288
 -0.01023599  0.01466613 -0.01335099 -0.00626888  0.00138527 -0.0155593
  0.00551169 -0.02024422]"
../images/10029-1738/image1.png,"[  2.78343596e-02   7.00072479e-03   3.75506701e-03   7.20727351e-03
   3.65085453e-02  -9.67868511e-03  -2.91463360e-02  -2.74667377e-03
   1.37746986e-02  -8.58801324e-03   3.49400342e-02   6.94132503e-03
  -2.39191130e-02  -4.41114679e-02  -2.34870370e-02  -4.28358987e-02
   4.92611602e-02   2.86186542e-02  -4.58733737e-02   5.76929748e-03
   2.37475261e-02  -1.58477966e-02  -9.40208510e-03  -3.75552662e-02
  -2.20917799e-02  -4.06312011e-02  -1.93675347e-02   1.90318376e-02
   7.42188655e-03   2.38417909e-02  -1.03883836e-02   4.79194000e-02
  -5.78081515e-03   3.33071463e-02  -2.93419268e-02   7.90438335e-03
  -4.85452414e-02   1.33170709e-02   1.22787207e-02  -2.22211257e-02
   9.60921869e-03  -2.38665137e-02   1.43753234e-02  -4.23287973e-03
   4.57115658e-03  -1.12872608e-02  -4.21696119e-02   2.00812500e-02
   2.15352559e-03  -3.17345262e-02  -4.84860651e-02   3.30683030e-03
   2.14043609e-03  -7.26501197e-02   4.92575318e-02   4.46007885e-02
  -9.57087521e-03  -3.89378369e-02  -4.05617105e-03   1.22483522e-02
   4.20274064e-02  -1.62288845e-02   4.91066426e-02   1.06732920e-02
   1.45552410e-02   5.84024237e-03  -8.86218913e-04  -6.05743751e-03
   4.12417129e-02  -2.61374004e-02   2.03887001e-02   2.65551116e-02
   7.85607286e-03   2.70903930e-02   4.38620560e-02   2.54159011e-02
   9.23308637e-03  -4.28960733e-02  -8.77682120e-03  -1.39011843e-02
  -1.73469931e-02   1.01561006e-02  -6.84428737e-02   4.87750694e-02
  -1.37327099e-02   6.95957569e-05  -9.77793708e-03  -1.38709210e-02
   1.56381670e-02  -2.01794133e-02   4.46427194e-03  -5.80564747e-03
   7.06084259e-03  -4.38275114e-02  -6.66113105e-03  -4.02862914e-02
   6.91830041e-03  -6.04669005e-03   1.51047539e-02   4.91641043e-03
   1.45867653e-02   3.06892744e-03   8.11491627e-03  -2.72665434e-02
   1.12834182e-02   2.11312110e-03   1.03545412e-02   8.39259848e-03
   1.55482432e-02   1.09190252e-02   3.09965760e-02  -4.46472783e-03
  -1.96623188e-02  -1.70759410e-02  -3.59861106e-02  -8.33215099e-03
  -1.21988235e-02  -1.16728786e-02   3.42661806e-04  -8.54529627e-03
  -6.88050967e-03   5.08051505e-03   6.07429221e-02  -3.63912480e-03
   4.67828475e-02  -2.36986354e-02  -1.31783099e-03  -4.62210886e-02]","[ -5.18242829e-02   2.49458402e-02   2.23171874e-03   4.11094166e-02
   1.40540386e-02  -5.48598776e-03  -3.78944203e-02  -3.93800549e-02
   9.34399758e-03  -4.03539389e-02   7.55560491e-03   8.95613991e-03
   1.36708198e-02  -4.51510726e-03   2.66709626e-02  -1.62358675e-02
   5.75842988e-03   2.91683599e-02   1.65668055e-02   2.41075680e-02
   6.13386650e-03  -2.24595517e-03  -2.13265922e-02  -7.24213850e-03
   1.78956110e-02  -2.23464016e-02   1.32315801e-02  -2.36151274e-02
   2.97609298e-03  -1.62886623e-02  -3.37486825e-04   2.66378801e-02
  -4.19242978e-02  -1.00148935e-02  -3.85219557e-03  -1.56342853e-02
   5.26573695e-03  -2.69857096e-03  -1.15919579e-02   1.82193238e-02
  -6.22108765e-03  -1.22443475e-02  -4.82397992e-03  -1.30215455e-02
   1.55557189e-02  -2.75905970e-02  -8.05184362e-04  -5.13030440e-02
  -3.46307131e-03  -1.24810990e-02   1.26044629e-02   4.04445380e-02
   2.73970012e-02   2.30420642e-02   7.14266347e-03  -3.09691159e-03
   2.35230532e-02   2.05542129e-02   4.15882468e-03  -1.91403534e-02
   6.71302201e-03   1.71083175e-02   1.43283950e-02   3.46442387e-02
   1.13658924e-02  -7.56264618e-03   1.39005873e-02   3.62974405e-03
   2.82505266e-02  -1.77155789e-02   1.70942377e-02   1.41051002e-02
  -7.95377139e-03   5.54092275e-03   1.67958476e-02  -5.01845442e-02
   1.24910017e-02  -2.44558193e-02  -2.49248184e-02  -6.22723531e-03
  -7.95803033e-03  -1.63956243e-03  -6.47087954e-03  -1.47729041e-02
   3.70231899e-03   2.11780202e-02   1.78657230e-02  -2.16685459e-02
  -9.94171295e-03   4.12125513e-02   4.79009859e-02  -2.89439503e-02
  -1.60413794e-02  -3.16667669e-02  -2.46075471e-03  -5.69534535e-03
  -3.51404073e-04  -1.88935436e-02   1.01486687e-03  -1.01546878e-02
  -6.60403864e-03   3.92568158e-03   1.25958864e-02   6.48229476e-03
  -2.53636427e-02   2.08004862e-02   2.03274786e-02   4.21524532e-02
  -1.31843267e-02  -8.05627462e-03   2.43046321e-02   5.01128584e-02
   1.23093957e-02   3.85220237e-02  -1.65714547e-02   1.89914498e-02
   2.74846945e-02  -2.90726107e-02  -1.62571985e-02   8.98169447e-03
   1.63978953e-02  -4.64754994e-05  -1.50145404e-02  -1.53907957e-02
   2.59260815e-02   1.32124312e-02  -6.76914863e-03   2.24528909e-02]"
../images/10029-1738/image7.png,"[ 0.01101192 -0.02647016  0.06420457  0.04266531 -0.04659078 -0.05176219
  0.06128137  0.01361381 -0.00219912 -0.00994023 -0.0294094   0.01084356
 -0.01021917  0.00463063  0.01717721  0.00855201 -0.00383572  0.01557562
  0.00556512 -0.01990233  0.02784968 -0.01944681  0.01382959 -0.00190703
 -0.00222626 -0.03858595 -0.02353507  0.04034772  0.04016759 -0.00054164
  0.03092027  0.03731934  0.01670365 -0.00384539 -0.03781362 -0.09578598
  0.02503238  0.03122235  0.00394967  0.03367083 -0.00135481 -0.00779383
 -0.04206522  0.00053687 -0.08771885  0.02131051  0.00794209  0.00076982
 -0.00821756  0.00827019 -0.00481172 -0.01494849 -0.04886641  0.02082494
  0.0114032  -0.02556067  0.02936115 -0.00081848  0.00484686 -0.02429311
  0.00284674  0.00207886 -0.00592732 -0.00390897 -0.00294352 -0.01649177
  0.00815501  0.03959959  0.00093954  0.01402438 -0.01557704  0.02540924
 -0.02107398 -0.03149878 -0.00644165 -0.00413246  0.01723069  0.03129217
 -0.02114757 -0.02683737 -0.00257002 -0.00243968 -0.00630254  0.01655301
 -0.01052444  0.01730515  0.01052885 -0.03743429 -0.03466634  0.03782829
 -0.02463341 -0.02517804  0.00253694  0.03355303 -0.00960454  0.02219193
 -0.00480016  0.01899375  0.0315046   0.00636979 -0.02181971  0.00821991
  0.03919598  0.05515298 -0.03461797  0.00823238  0.01729559 -0.0176057
 -0.03395439 -0.03031081 -0.01999985  0.01583789  0.03481624 -0.01445795
  0.01596758  0.00068771  0.00641633  0.01843961  0.03297046  0.00349069
 -0.00969891 -0.03017577 -0.00722896 -0.04315476  0.03454671 -0.05068107
 -0.01216233  0.0152439 ]","[-0.02426053  0.02741475  0.04478369 -0.0074286   0.00177912 -0.03600869
  0.01591065 -0.05050287  0.02729616  0.037697    0.0130096   0.02567735
 -0.00109539 -0.0299431   0.00962322  0.03644032  0.00079686 -0.00736383
  0.00823107  0.00277402 -0.02801352 -0.01613898 -0.00281309  0.02069923
 -0.01651246 -0.0184132   0.03663194  0.02111124  0.01985508  0.00403273
 -0.0664458  -0.02710691  0.00753191 -0.03027968 -0.01964243 -0.02067629
  0.00783902 -0.00893955  0.02435194 -0.01796136 -0.02897258 -0.02780568
 -0.00190085 -0.02691888  0.03817466 -0.00943501  0.03048552 -0.0149727
  0.00785035  0.00744351  0.01792542 -0.02499757  0.00423258  0.00384583
  0.0005323   0.01234376  0.02097446  0.00136616  0.01527969  0.00818792
 -0.03009442  0.03422555 -0.01380061 -0.0208456   0.00823717  0.00439733
  0.00097861 -0.0025521  -0.01708034 -0.01562061  0.0210461   0.00581962
  0.00178429  0.00358999 -0.00913054 -0.02222686 -0.0227486  -0.02477465
  0.00568616  0.02391838 -0.01790024 -0.02441077 -0.0483166  -0.02294718
 -0.00868831 -0.0374761  -0.01027169 -0.01267699  0.00231218 -0.01624414
  0.04352821 -0.02366639  0.0003633   0.00217634 -0.0084721  -0.00418451
 -0.0036227   0.02138768  0.00204081  0.00895696 -0.0060045   0.01672776
  0.04547866  0.01144867  0.00045488 -0.03285322  0.04329078 -0.01839648
 -0.04400851 -0.00150617 -0.00900823 -0.0055369  -0.00874914  0.00596912
 -0.00939409 -0.00903581  0.01026889 -0.03376554 -0.01626368 -0.01594784
  0.01295488  0.01251034 -0.00280767 -0.01252392 -0.01827871  0.0155333
  0.0132501   0.02666362]"
